,Day,mm2,log body size
0,1,8.229137735,2.1076812382402155
1,1,14.20757113,2.653775000687253
2,1,4.368945347,1.4745216406212016
3,1,9.554943259,2.257058639317723
4,1,9.38379595,2.238984366656107
5,1,7.256177005,1.9818531068096765
6,1,8.260788265,2.1115200145776445
7,1,12.40114645,2.5177889239823927
8,1,8.722651551,2.165923268648404
9,1,8.070885086,2.088263152352138
10,1,6.491875324,1.870551444908477
11,1,6.83885891,1.9226208916940584
12,1,5.64317223,1.7304463595207151
13,1,7.971244529,2.0758406323055687
14,1,3.377228748,1.2170554761540948
15,1,11.69311238,2.4589999829903006
16,1,12.61449447,2.534846507568288
17,1,9.16107,2.214962984091096
18,1,5.456785777,1.6968599308823178
19,1,8.580810288,2.1495283482016134
20,1,9.598316207,2.2615876879861037
21,1,5.43920215,1.6936323865087521
22,1,7.64067233,2.0334856006154416
23,1,3.567131927,1.271761891114734
24,1,4.325572399,1.4645444782164008
25,1,7.451941393,2.0084745881083084
26,1,5.003128184,1.6100633536049886
27,1,5.670133792,1.7352127139339315
28,1,4.844875535,1.577921555642267
29,1,6.639577796,1.8930483765269754
30,1,7.585576963,2.026248676222696
31,1,8.87504299,2.1832431792934095
32,1,6.942016192,1.9375922499059033
33,1,8.417868671,2.1303566692525795
34,1,8.036890073,2.084042201521016
35,1,7.4437357,2.0073728330449008
36,1,6.44498565,1.8633024098564763
37,1,4.024306246,1.3923525347723846
38,1,2.107690833,0.7455929562607102
39,1,3.521414495,1.2588627540623132
40,1,10.09417451,2.3119584762568373
41,1,9.329872825,2.233221384005367
42,1,3.107613125,1.1338549476017497
43,1,9.509225827,2.252262467039638
44,1,6.720462483,1.9051569740419416
45,1,9.042673574,2.2019548800151543
46,1,4.031339697,1.3940987517330132
47,1,6.282044034,1.8376954106429864
48,1,7.004145009,1.9465021179500055
49,1,14.96366712,2.7056250708495337
50,1,4.569398702,1.5193816211946518
51,1,5.047673374,1.6189274191043108
52,1,5.845970069,1.7657525467648971
53,1,10.40950756,2.342719576993094
54,1,8.686312053,2.1617484594401377
55,1,11.89356573,2.4759975589312693
56,1,5.154347382,1.6398405104245217
57,1,7.219837508,1.9768324468343006
58,1,10.57713815,2.3586948936201706
59,1,6.859959263,1.9257015033819695
60,1,8.225621009,2.1072537964152382
61,1,9.81635319,2.2840496878126526
62,1,5.938577174,1.7814695716853104
63,1,9.132936195,2.211887241481262
64,1,12.60042757,2.5337307475086672
65,1,3.961005186,1.3764978279042595
66,1,7.842297927,2.0595318943497167
67,1,9.742501954,2.276497958795244
68,1,10.40599084,2.342381682606337
69,1,9.300566779,2.230075342280696
70,1,7.339406176,1.9932579369013281
71,1,3.406534795,1.2256955854756186
72,1,7.929043823,2.0705324512014607
73,1,9.499847892,2.2512757871098907
74,1,3.860192388,1.3507170236854729
75,1,6.263288165,1.8347053131825648
76,1,6.715773516,1.9044590155972254
77,1,7.530481597,2.0189589968715476
78,1,7.048690199,1.9528418121876783
79,1,6.983044656,1.9434850188026371
80,1,9.649894848,2.2669470187112157
81,1,6.360584238,1.8501202344537928
82,1,8.259616023,2.1113781001327516
83,1,9.461163911,2.2471954104850327
84,1,2.800485762,1.0297928885626995
85,1,6.852925812,1.9246756869212747
86,1,4.188420103,1.4323235991044954
87,1,6.454363585,1.8647564268741357
88,1,6.537592756,1.8775690175886675
89,1,3.351439428,1.2093899335509586
90,5,7.631294395,2.0322574763865737
91,5,9.469369604,2.2480623372948263
92,5,5.346595044,1.6764599179199362
93,5,5.729918126,1.745701241968369
94,5,6.893954276,1.9306448356386783
95,5,4.831980875,1.5752565026362704
96,5,8.005239543,2.080096270173351
97,5,13.24164385,2.5833667006568986
98,5,9.731951777,2.2754144698124112
99,5,7.286655293,1.9860446331915989
100,5,5.779152284,1.7542570082602986
101,5,6.434435474,1.8616641097716866
102,5,3.958660702,1.3759057614959938
103,5,6.402784944,1.8567330432164095
104,5,2.737184702,1.0069299111576004
105,5,8.658178249,2.158504336587951
106,5,14.81362016,2.695547038652138
107,5,7.652394748,2.035018637806222
108,5,3.210770407,1.1665109105266938
109,5,7.756724272,2.0485601151763135
110,5,6.850581328,1.9243335140747293
111,5,4.07822937,1.4056629162792136
112,5,8.535092856,2.1441862356248333
113,5,3.356128395,1.2107880462163938
114,5,5.455613535,1.6966450850045245
115,5,3.258832322,1.1813689477800249
116,5,3.638638679,1.2916096224115008
117,5,3.118163301,1.1372441429010804
118,5,3.444046533,1.236647097798249
119,5,2.84385871,1.0451618306787716
120,5,7.380434641,1.9988325313226158
121,5,9.529153938,2.254355934921262
122,5,5.877620599,1.771152019979556
123,5,6.694673163,1.901312159878306
124,5,5.10862995,1.6309312567212988
125,5,7.135436096,1.9650733697337477
126,5,4.384184491,1.4780036315613532
127,5,4.591671297,1.5242440747914128
128,5,1.416068146,0.34788411981973805
129,5,3.570648652,1.2727472745250623
130,5,7.71100684,2.042648767894912
131,5,8.258443781,2.1112361655452907
132,5,3.037278614,1.1109619217306432
133,5,4.502580917,1.5046507694778366
134,5,6.904504453,1.9321740178847655
135,5,12.33901763,2.5127664067183586
136,5,4.055956775,1.4001866091808133
137,5,4.620977343,1.5306062288248217
138,5,6.102691032,1.808729826686869
139,5,9.101285666,2.2084156855214676
140,5,4.815569489,1.5718543121918962
141,5,6.98538914,1.9438207019660119
142,5,6.691156437,1.9007867197395925
143,5,6.520009128,1.8748757759375816
144,5,6.728668176,1.9063772304624138
145,5,12.60042757,2.5337307475086672
146,5,11.00266193,2.398137237158997
147,5,6.945532917,1.9380987071716986
148,5,7.611366284,2.0296426937349277
149,5,6.381684591,1.853432104980108
150,5,7.280794084,1.9852399337326072
151,5,11.09644128,2.406624451507983
152,5,8.653489282,2.1579626248081625
153,5,8.304161213,2.116756740132003
154,5,13.54408225,2.6059497176121584
155,5,3.726556818,1.3154847022380018
156,5,6.287905244,1.8386279856749395
157,5,6.598549332,1.886849826691401
158,5,9.094252215,2.2076425892385974
159,5,8.081435263,2.0895694883177924
160,5,8.50578681,2.1407467330327483
161,5,3.327994591,1.2023698976571606
162,5,6.157786399,1.817717362151765
163,5,6.965461029,1.940963797288108
164,5,3.451079985,1.2386872211871773
165,5,9.978122564,2.3003949527869367
166,5,3.987966748,1.3832815140507884
167,5,6.738046111,1.9077699883862937
168,5,7.500003309,2.0149034617421675
169,5,3.995000199,1.3850436290305022
170,5,6.454363585,1.8647564268741357
171,5,6.965461029,1.940963797288108
172,5,5.096907531,1.6286339893451933
173,5,7.528137113,2.0186476158525983
174,5,3.425290664,1.231186333514784
175,5,5.691234146,1.7389271219832032
176,5,6.048767908,1.7998545997327053
177,5,1.478196963,0.3908230768407642
178,5,5.107457708,1.6307017673033557
179,5,6.471947213,1.8674770235115565
180,10,7.641844572,2.0336390101630726
181,10,9.135280679,2.2121439150284443
182,10,6.803691654,1.9174653551645564
183,10,6.273838341,1.8363883429398717
184,10,6.006567201,1.7928534041629902
185,10,6.074557228,1.8041091022905886
186,10,7.992344883,2.0784841939436944
187,10,11.92521626,2.4786551716204497
188,10,9.424824414,2.243347103346214
189,10,4.747579462,1.5576349012156265
190,10,4.47913608,1.4994301885452936
191,10,5.38879575,1.684321936952702
192,10,4.805019313,1.569661061769017
193,10,6.454363585,1.8647564268741357
194,10,2.229603985,0.8018239845001146
195,10,8.623010994,2.1544343269316846
196,10,10.14926987,2.317401768910275
197,10,8.700378956,2.1633665828728286
198,10,4.156769574,1.4247382278946068
199,10,6.825964249,1.920733612996437
200,10,9.669822959,2.2690100010245953
201,10,5.741640545,1.7477449787292463
202,10,5.654894649,1.7325214796863257
203,10,2.533214622,0.9294890977893818
204,10,7.951316418,2.07333750212801
205,10,5.979605639,1.7883546191324458
206,10,4.404112603,1.4825387868805262
207,10,5.176619977,1.6441523291987536
208,10,5.19772033,1.6482201313859268
209,10,6.425057539,1.8602055862275646
210,10,8.378012449,2.125610708439232
211,10,9.714368149,2.273606042011259
212,10,10.21608766,2.323963699351216
213,10,5.248126729,1.6578711994066306
214,10,3.724212334,1.3148553755122507
215,10,5.73226261,1.7461103236408175
216,10,3.625744019,1.2880595138671218
217,10,3.639810921,1.2919317355192528
218,10,1.377384165,0.3201861677650061
219,10,3.043139823,1.1128898189226324
220,10,7.470697263,2.0109883365557226
221,10,6.422713055,1.859840622670834
222,10,2.280010384,0.8241799973419431
223,10,6.362928721,1.850488762081986
224,10,6.515320161,1.8741563515029114
225,10,4.36425638,1.4734478150994401
226,10,2.871992514,1.0550060446366196
227,10,8.668728426,2.159722116368463
228,10,5.908098887,1.7763241023421925
229,10,14.72804651,2.689753601856263
230,10,5.054706825,1.6203198537579009
231,10,4.462724695,1.4957594976588755
232,10,6.488358599,1.8700095864016262
233,10,9.824558883,2.284885259342826
234,10,6.77555785,1.9133217028594502
235,10,9.923027197,2.2948580357325405
236,10,11.7552412,2.4642992007096383
237,10,9.023917704,2.1998785750332677
238,10,9.685062103,2.2705847091254423
239,10,5.005472668,1.6105318474689263
240,10,7.045173474,1.9523427687522403
241,10,11.81150881,2.4690743790346477
242,10,6.16481985,1.8188589147781615
243,10,8.025167654,2.0825825602620305
244,10,13.67771782,2.6157680722540038
245,10,2.895437351,1.063136170772028
246,10,5.443891117,1.6944940840381406
247,10,8.532748372,2.143911510311488
248,10,8.396768318,2.1278469077763655
249,10,7.760240998,2.049013390156185
250,10,10.91005483,2.3896848254968788
251,10,2.506253059,0.9187888326206258
252,10,7.470697263,2.0109883365557226
253,10,7.210459574,1.975532690458262
254,10,1.88965385,0.6363936641497326
255,10,6.24101557,1.8311429207412953
256,10,5.154347382,1.6398405104245217
257,10,7.633638879,2.0325646489075866
258,10,7.477730714,2.0119293654759343
259,10,6.434435474,1.8616641097716866
260,10,6.386373558,1.854166588980114
261,10,5.552909608,1.7143220440790794
262,10,4.406457086,1.4830709847151937
263,10,7.601988349,2.0284098379428888
264,10,2.185058795,0.7816427366523465
265,10,7.143641789,1.9662227007997128
266,10,7.904426744,2.0674229498787993
267,10,5.368867639,1.6806170183147922
268,10,4.977338864,1.6048953835542505
269,10,2.459363386,0.8999025302744884
270,15,5.592765831,1.72147394673481
271,15,7.890359842,2.0656417411688763
272,15,3.962177428,1.3767937297067705
273,15,4.861286921,1.5813032014191224
274,15,4.73937377,1.555905010945138
275,15,4.781574476,1.564769880551472
276,15,5.787357977,1.7556758795000202
277,15,9.510398069,2.2523857336202915
278,15,5.95498856,1.784229281730691
279,15,6.619649685,1.8900424508750113
280,15,4.51078661,1.5064715529402695
281,15,4.887076242,1.5865942191485214
282,15,4.232965294,1.442902762591875
283,15,9.248988138,2.2245141550542717
284,15,1.911926445,0.6481113437009284
285,15,9.845659236,2.2870306713525688
286,15,11.92756075,2.478851751667005
287,15,7.269071666,1.9836285895817005
288,15,4.147391639,1.4224796159177635
289,15,7.253832522,1.981529952918421
290,15,6.549315174,1.879360490593267
291,15,2.134652395,0.7583038207788001
292,15,5.922165789,1.778702224728264
293,15,2.679744852,0.9857215855129193
294,15,6.416851846,1.8589276307661504
295,15,4.538920414,1.5126891895025878
296,15,3.424118422,1.2308440435459045
297,15,5.501330967,1.7049900569626002
298,15,5.309083305,1.6694191847573878
299,15,6.267977132,1.8354536761144324
300,15,6.318383531,1.8434634050325436
301,15,11.66263409,2.4563900636422
302,15,6.677089535,1.8986821942511545
303,15,5.355972979,1.678212382819934
304,15,3.540170365,1.264174851693893
305,15,4.719445658,1.551691347361237
306,15,3.032589647,1.1094169234766122
307,15,4.081746096,1.4065248615711774
308,15,1.135902345,0.12742735269540045
309,15,2.866131305,1.0529631430808721
310,15,8.542126307,2.1450099588938927
311,15,8.57612132,2.14898175068361
312,15,2.550798249,0.9364063490074346
313,15,5.377073332,1.6821442358226963
314,15,6.148408464,1.8161932619859997
315,15,5.799080395,1.7576993523953766
316,15,3.424118422,1.2308440435459045
317,15,7.18935922,1.972602046760052
318,15,4.493202983,1.5025658066771603
319,15,15.0023511,2.70820692881978
320,15,4.079401612,1.4059503139344043
321,15,4.836669842,1.576226434740521
322,15,4.371289831,1.4750581213928247
323,15,9.328700583,2.2330957321695153
324,15,6.442641167,1.8629385751397898
325,15,10.63223351,2.363890284111824
326,15,8.349878645,2.1222470052242173
327,15,7.000628284,1.94599989988473
328,15,8.721479309,2.165788869060236
329,15,5.856520245,1.7675556123646416
330,15,6.296110936,1.8399321310361092
331,15,7.702801148,2.0415840481602987
332,15,6.698189888,1.901837323925371
333,15,7.344095144,1.9938966085719603
334,15,10.62520006,2.3632285438096843
335,15,2.629338453,0.9667322757652174
336,15,5.545876157,1.7130546167964107
337,15,7.015867428,1.9481743592243097
338,15,8.053301458,2.08608212636087
339,15,6.693500921,1.9011370438399813
340,15,9.067290652,2.2046735041774874
341,15,2.071351336,0.7282012136071072
342,15,4.940999366,1.5975676115494983
343,15,5.368867639,1.6806170183147922
344,15,1.491091624,0.3995084852694592
345,15,5.215303958,1.6515973720849884
346,15,4.031339697,1.3940987517330132
347,15,6.13316932,1.8137116342849273
348,15,6.212881766,1.826624840802301
349,15,3.214287132,1.1676056012216305
350,15,7.031106572,1.9503441005477493
351,15,5.679511727,1.7368652654816437
352,15,4.742890495,1.5566467589207178
353,15,9.538531873,2.255339581898572
354,15,2.908332011,1.0675797247497907
355,15,5.068773727,1.6230989199063883
356,15,4.261099098,1.4495271312292646
357,15,6.26680489,1.8352666378394373
358,15,5.70061208,1.7405735515315617
359,15,1.976399747,0.6812768799789256
360,20,5.442718875,1.6942787292113595
361,20,10.04376811,2.3069523536134477
362,20,4.359567413,1.4723728352367558
363,20,4.596360265,1.5252647435549942
364,20,6.270321616,1.8358276477471787
365,20,4.797985862,1.5681962177687263
366,20,7.643016814,2.033792396179824
367,20,10.30635028,2.3327602372966285
368,20,5.701784322,1.7407791648014044
369,20,6.572760011,1.882933837280638
370,20,5.078151662,1.6249473493193594
371,20,3.605815908,1.2825480718972504
372,20,4.014928311,1.3900194919466649
373,20,6.620821927,1.8902195203990304
374,20,1.989294407,0.6877800065150939
375,20,6.576276737,1.8834687397455483
376,20,6.434435474,1.8616641097716866
377,20,4.797985862,1.5681962177687263
378,20,3.26352129,1.1828067627427614
379,20,5.125041336,1.6341385905529209
380,20,4.91755453,1.5928113601875664
381,20,4.091124031,1.4088197565028349
382,20,4.578776637,1.5214318526205828
383,20,1.747812587,0.5583650558102752
384,20,5.980777881,1.7885506399375968
385,20,3.793374603,1.333256019496377
386,20,1.678650319,0.5179900889836487
387,20,4.91169332,1.5916187540422846
388,20,3.183808844,1.158078229747717
389,20,5.734607094,1.7465192380338799
390,20,5.681856211,1.7372779770575864
391,20,10.02970121,2.3055508118990176
392,20,4.143874913,1.4216313194147305
393,20,2.816897148,1.0356359770455774
394,20,4.264615823,1.450352100215921
395,20,2.555487217,0.9382428970614657
396,20,2.99625015,1.097361556829034
397,20,0.910831912,-0.09339690807652544
398,20,2.289388319,0.8282846722790365
399,20,7.720384775,2.043864204115891
400,20,5.06408476,1.6221734224585145
401,20,1.833386242,0.606164662426622
402,20,4.346672752,1.4694106678294172
403,20,5.960849769,1.785213049605158
404,20,6.403957186,1.8569161096030633
405,20,2.929432365,1.0748086721785808
406,20,5.817836265,1.7609284168444046
407,20,2.948188234,1.0811908237133694
408,20,10.70842923,2.371031209837915
409,20,3.05369,1.1163506954229865
410,20,3.282277159,1.188537437304666
411,20,5.589249105,1.7208449498794
412,20,6.689984196,1.9006115118055082
413,20,3.795719086,1.3338738753749995
414,20,7.66646165,2.036855185599137
415,20,6.577448979,1.883646977003708
416,20,4.053612292,1.3996084075412571
417,20,2.689122787,0.9892150389441068
418,20,2.499219608,0.9159785263430799
419,20,5.766257624,1.752023278065477
420,20,9.287672119,2.2286879422005543
421,20,3.808613747,1.3372652769988598
422,20,4.310333255,1.4610152224722228
423,20,7.696939938,2.0408228392217476
424,20,2.104174107,0.7439230419271169
425,20,3.049001033,1.114814006805667
426,20,3.480386031,1.2471432160825535
427,20,9.012195286,2.1985786918869255
428,20,6.753285255,1.910029090926691
429,20,5.327839174,1.6729457477224499
430,20,1.18982547,0.1738066325016953
431,20,3.312755447,1.1977803044145205
432,20,5.285638468,1.6649934195941447
433,20,2.505080818,0.9183209966910499
434,20,2.578932054,0.9473753806816567
435,20,3.840264276,1.345541186106519
436,20,3.775790975,1.3286098905540096
437,20,4.849564503,1.578888907721865
438,20,2.937638057,1.0776058764935594
439,20,5.326666933,1.6727257016700177
440,20,4.436935374,1.48996390704391
441,20,5.70647329,1.7416011953732087
442,20,6.964288787,1.940795489598702
443,20,1.264848948,0.23495270635404553
444,20,4.477963839,1.499168442887147
445,20,2.934121332,1.0764080326489769
446,20,4.585810088,1.5229667723266076
447,20,6.046423424,1.7994669276463349
448,20,1.482885931,0.3939901424631521
449,25,3.656222307,1.2964304578154995
450,25,7.830575508,2.0580360076848327
451,25,5.202409297,1.6491218446310267
452,25,5.103940983,1.6300129830837886
453,25,5.683028453,1.7374842689890602
454,25,5.119180126,1.6329942945883513
455,25,6.516492403,1.8743362561780905
456,25,6.899815485,1.931494669941311
457,25,6.371134414,1.8517775406986425
458,25,4.87300934,1.5837116805433
459,25,2.869648031,1.0541893849687334
460,25,1.993983374,0.690134333490843
461,25,2.915365462,1.06999518484273
462,25,4.279854967,1.4539191228046016
463,25,1.53329233,0.4274172731650368
464,25,7.46249157,2.0098893490698413
465,25,5.844797827,1.7655520052753462
466,25,5.721712434,1.7442681371609088
467,25,2.895437351,1.063136170772028
468,25,4.910521079,1.5913800622447027
469,25,4.352533961,1.4707581952719262
470,25,3.224837309,1.1708825021535467
471,25,4.278682725,1.4536451876886936
472,25,2.064317885,0.7247998498107576
473,25,4.414662779,1.4849314503913138
474,25,3.199047988,1.162853261792661
475,25,1.805252438,0.5907004368537121
476,25,2.318694365,0.8410042535547615
477,25,2.698500722,0.9926963306325742
478,25,4.102846449,1.4116809886798092
479,25,4.16731975,1.4272730833577154
480,25,8.018134203,2.0817057517953823
481,25,3.880120499,1.3558662095962397
482,25,5.171931009,1.6432461214934952
483,25,3.127541236,1.1402471482440306
484,25,4.238826503,1.4442864627761134
485,25,2.42419613,0.8854999766500632
486,25,3.529620188,1.2611902696889759
487,25,0.897937251,-0.10765508951338845
488,25,1.931854557,0.6584804519006647
489,25,7.293688744,1.9870094185941545
490,25,6.478980664,1.8685631930521922
491,25,1.699750672,0.5304815767766115
492,25,3.033761889,1.1098033969632326
493,25,4.388873459,1.4790725788937908
494,25,6.197642622,1.8241689974901707
495,25,3.203736956,1.1643179272091195
496,25,5.300877612,1.6678723940198452
497,25,3.347922702,1.2083400645470812
498,25,7.544548499,2.0208252493424506
499,25,2.318694365,0.8410042535547615
500,25,3.392467892,1.2215576482753197
501,25,4.846047777,1.5781634814047516
502,25,5.085185113,1.6263314325744032
503,25,2.317522123,0.8404985644748771
504,25,6.957255336,1.9397850482947372
505,25,7.148330756,1.9668788687504244
506,25,3.215459374,1.1679702320859715
507,25,3.379573232,1.2177494388012253
508,25,3.506175351,1.2545257997948487
509,25,5.119180126,1.6329942945883513
510,25,9.223198817,2.2217219206730894
511,25,4.257582372,1.4487014808719496
512,25,5.501330967,1.7049900569626002
513,25,8.90669352,2.1868030749658502
514,25,2.438263033,0.8912859140828113
515,25,4.5553318,1.5162983710886349
516,25,2.42419613,0.8854999766500632
517,25,4.960927478,1.6015927147883569
518,25,6.634888829,1.8923419124064227
519,25,6.799002687,1.9167759377494218
520,25,1.522742153,0.42051275754436107
521,25,2.985699973,1.0938342161719046
522,25,3.694906288,1.3069551922382234
523,25,1.977571988,0.6818698235369022
524,25,5.441546633,1.6940633279968869
525,25,2.793452311,1.0272782183555613
526,25,3.617538326,1.2857937740769163
527,25,3.968038637,1.378271926522398
528,25,2.285871593,0.826747392753847
529,25,4.135669221,1.4196491584276398
530,25,4.858942437,1.5808208086773226
531,25,4.302127562,1.4591096821957978
532,25,7.165914384,1.969335671281387
533,25,1.50750301,0.41045464630046047
534,25,5.428651973,1.6916908476925823
535,25,3.220148342,1.169427427439275
536,25,3.705456464,1.3098064533185318
537,25,4.608082683,1.527811866591985
538,25,1.935371282,0.6602991850782914
539,30,4.051267808,1.3990298711443048
540,30,6.427402023,1.860570416634491
541,30,4.960927478,1.6015927147883569
542,30,2.961082894,1.0855550439994615
543,30,3.835575309,1.3443194389526523
544,30,3.902393094,1.3615899787977561
545,30,4.424040714,1.4870534671614117
546,30,5.850659036,1.766554310625081
547,30,5.261021389,1.6603251883172923
548,30,3.844953244,1.346761442675609
549,30,3.494452933,1.2511768349646724
550,30,2.331589025,0.8465500201100716
551,30,2.360895071,0.8590408145067099
552,30,4.397079151,1.4809404911737936
553,30,1.434824015,0.3610422040603133
554,30,6.260943681,1.8343309215142831
555,30,5.753362963,1.749784546973911
556,30,4.010239343,1.3888509260709734
557,30,3.045484307,1.1136599384326613
558,30,4.565881977,1.5186116995475143
559,30,2.62113276,0.9636065754812181
560,30,2.792280069,1.0268584911157077
561,30,3.908254303,1.3630908044789765
562,30,2.440607516,0.8922469902814576
563,30,4.513131094,1.5069911685062916
564,30,2.472258046,0.9051319216878972
565,30,0.984683148,-0.01543536671660334
566,30,2.913020979,1.0691906798051234
567,30,3.369023056,1.2146228079747594
568,30,4.540092656,1.5129474206555722
569,30,5.427479731,1.6914748882631063
570,30,6.69936213,1.9020123173870744
571,30,4.251721163,1.447323880483661
572,30,4.844875535,1.577921555642267
573,30,1.448890917,0.37079837893124645
574,30,2.406612503,0.8782201583046981
575,30,1.53329233,0.4274172731650368
576,30,2.641060871,0.9711806815158733
577,30,1.040950756,0.04013448399904843
578,30,1.970538537,0.6783068744269236
579,30,6.757974222,1.9107231738426804
580,30,5.332528142,1.6738254487990445
581,30,1.570804069,0.4515876341181587
582,30,3.087685013,1.1274216233976364
583,30,5.76391314,1.7516166086274785
584,30,4.442796583,1.4912840392009616
585,30,1.838075209,0.6087189420299621
586,30,4.024306246,1.3923525347723846
587,30,2.215537082,0.7954948490483675
588,30,6.74976853,1.9095082124446077
589,30,2.210848115,0.7933762043551279
590,30,3.07947932,1.12476053074654
591,30,6.014772894,1.7942185921053648
592,30,5.025400779,1.6145052077796431
593,30,2.428885098,0.8874323446607264
594,30,3.406534795,1.2256955854756186
595,30,4.657316841,1.5384394971164699
596,30,3.891842917,1.3588828030262103
597,30,4.181386652,1.4306429264530292
598,30,2.646922081,0.9733974860908794
599,30,4.549470591,1.5150108725668772
600,30,5.660755858,1.7335574271151644
601,30,1.887309367,0.635152199424546
602,30,4.772196541,1.5628066896825918
603,30,5.692406388,1.7391330740247566
604,30,1.541498023,0.4327546858262167
605,30,2.236637436,0.8049735933776235
606,30,3.915287754,1.3648888271248873
607,30,6.585654672,1.8848937489323505
608,30,5.746329512,1.7485613052407403
609,30,5.782669009,1.7548653423660303
610,30,1.241404111,0.21624308657562788
611,30,1.77477415,0.5736731753951356
612,30,4.175525443,1.42924020499457
613,30,1.703267397,0.5325484046221199
614,30,4.28806066,1.4558345701236646
615,30,3.236559727,1.174510953027497
616,30,4.724134626,1.5526843962355668
617,30,6.371134414,1.8517775406986425
618,30,2.299938495,0.8328823812732011
619,30,2.371445248,0.8634995785716145
620,30,3.050173274,1.1151984001531692
621,30,5.12152461,1.633452170115749
622,30,5.25516018,1.6592104853106062
623,30,1.601282357,0.4708047813626587
624,30,4.884731758,1.5861143726257518
625,30,1.867381255,0.6245370509965297
626,30,3.907082061,1.3627908194356735
627,30,5.881137324,1.771750165655805
628,30,0.976477455,-0.023803616489528823
629,35,3.016620499,1.1041371647277196
630,35,6.810249307,1.9184287284487451
631,35,4.720914127,1.5520024518202382
632,35,2.313711911,0.8388531227495402
633,35,4.137811634,1.4201670572625884
634,35,4.247229917,1.446266986197344
635,35,5.114958449,1.6321692760079363
636,35,5.75900277,1.750764329510702
637,35,3.725761773,1.3152713337424637
638,35,4.031855956,1.3942268049324948
639,35,2.583795014,0.9492592538262796
640,35,2.34833795,0.8537078226138873
641,35,3.297783934,1.1932507077401937
642,35,4.250692521,1.447081915779696
643,35,1.082409972,0.07919001069231352
644,35,4.555401662,1.5163137072852853
645,35,4.093490305,1.409397981442652
646,35,3.307479224,1.1961863355057636
647,35,2.525623269,0.926487871475459
648,35,2.695290859,0.9915061239548713
649,35,3.885041551,1.3571336790005124
650,35,2.332409972,0.8469020557811798
651,35,3.516620499,1.257500442921344
652,35,1.758310249,0.5643532620770348
653,35,3.082409972,1.125711749466026
654,35,2.871883657,1.0549681409643357
655,35,1.317867036,0.27601454783497015
656,35,1.70498615,0.5335569875353317
657,35,1.981301939,0.6837541735679783
658,35,4.906509695,1.590562832612729
659,35,3.88434903,1.3569554099343317
660,35,6.657202216,1.8956993086030582
661,35,4.549168975,1.5149445734244784
662,35,3.790858726,1.3325925702106953
663,35,1.719529086,0.542050466129499
664,35,2.489612188,0.912126950555505
665,35,2.574792244,0.945768848918989
666,35,2.259695291,0.8152299772030682
667,35,1.004155125,0.00414651630667617
668,35,2.148199446,0.7646300242914496
669,35,5.218144044,1.6521417915462449
670,35,5.00900277,1.6112368473799186
671,35,1.745844875,0.5572386075368143
672,35,2.414819945,0.8816247273892117
673,35,3.605955679,1.282586833801543
674,35,2.930055402,1.0750213313826351
675,35,1.112188366,0.10632957536775864
676,35,2.659972299,0.9783157088296082
677,35,1.556786704,0.442623891817038
678,35,9.921052632,2.2946590277640655
679,35,2.25,0.8109302162163288
680,35,2.522853186,0.9253904777160996
681,35,4.171052632,1.428168433691896
682,35,5.67867036,1.7367171137800608
683,35,2.565789474,0.9422662184004925
684,35,4.691135734,1.5456747139095928
685,35,4.264542936,1.4503350089641196
686,35,3.423822715,1.2307576797777973
687,35,4.511080332,1.506536666292526
688,35,2.030470914,0.7082677434910147
689,35,5.147506925,1.6385125052321614
690,35,5.816481994,1.7606956105937985
691,35,2.846952909,1.0462492675900839
692,35,4.324792244,1.4643641031607095
693,35,8.96468144,2.1932925726834265
694,35,2.242382271,0.807538814576038
695,35,4.258310249,1.4488724264284913
696,35,3.931440443,1.3690058836637007
697,35,6.12534626,1.8124352870778015
698,35,4.709141274,1.5495055716608384
699,35,5.324099723,1.6722436311989177
700,35,1.752077562,0.560802262082233
701,35,1.79432133,0.5846268613100332
702,35,2.175207756,0.7771241799789026
703,35,2.159972299,0.7700953970768015
704,35,4.010387812,1.3888879478641942
705,35,3.48199446,1.2476052503050992
706,35,3.121191136,1.1382147033230776
707,35,6.619113573,1.8899614596238128
708,35,2.229916898,0.8019643193068005
709,35,3.358725762,1.2115616645463863
710,35,5.128808864,1.6348734419689366
711,35,3.95498615,1.3749770993171517
712,35,6.723684211,1.9056362499878234
713,35,1.585180055,0.46069800024640933
714,35,3.590027701,1.278159918626407
715,35,2.621191136,0.9636288465202308
716,35,2.790858726,1.026349335573317
717,35,6.024930748,1.7959059852027772
718,35,1.439058172,0.3639888523834945
719,40,1.225936814,0.20370529784982178
720,40,5.122957768,1.6337319613158252
721,40,3.17694612,1.1559203957479107
722,40,3.543445065,1.2650994361142767
723,40,4.251907933,1.4473678076112253
724,40,3.625982281,1.2881252256687616
725,40,3.6242863,1.2876573861640628
726,40,6.894510682,1.9307255416493905
727,40,4.245293729,1.4458110114802272
728,40,3.061281068,1.1188334780281686
729,40,2.161852001,0.7709652622022883
730,40,1.470066113,0.3853073746092395
731,40,2.980326719,1.0920329317559112
732,40,4.912374978,1.5917575271005364
733,40,1.133642381,0.12543579489873327
734,40,5.841087669,1.764917024190527
735,40,6.278421682,1.837118624370514
736,40,2.243654238,0.8081058929007616
737,40,2.047826322,0.7167788998702859
738,40,2.592232469,0.9525194615825769
739,40,2.24133639,0.8070722906488941
740,40,1.560348257,0.4449090380133994
741,40,2.042907997,0.7143742815370705
742,40,2.103114928,0.743419544775595
743,40,4.432189489,1.488893703269292
744,40,3.53711349,1.2633109962225773
745,40,1.135225249,0.12683108851204986
746,40,1.478772144,0.3912121110081436
747,40,3.30623553,1.195810240055349
748,40,4.210469809,1.4375742350548872
749,40,4.37554414,1.4760308869328091
750,40,3.929956447,1.3686283436314668
751,40,3.803437133,1.3359051665950739
752,40,2.031997333,0.7090192172153742
753,40,3.660749594,1.2976679335469883
754,40,0.985640773,-0.014463318349127627
755,40,1.598507532,0.4690704014240806
756,40,0.725761818,-0.3205333923656792
757,40,1.588840499,0.4630045042910488
758,40,4.294816018,1.4574087181974134
759,40,3.660410459,1.2975752883929996
760,40,1.949516622,0.6675814556929583
761,40,2.718921401,1.0002352579136418
762,40,3.209056449,1.1659769528112702
763,40,2.893832383,1.0625817077344217
764,40,2.213918262,0.7947639149057462
765,40,2.187235012,0.7826381945404799
766,40,1.28475322,0.2505666532112487
767,40,6.074509601,1.804101261853019
768,40,1.086664064,0.08311251161561384
769,40,2.579569216,0.9476224144497575
770,40,2.048335178,0.7170273549190517
771,40,6.100740603,1.8084101741374972
772,40,1.470348845,0.38549968216100333
773,40,3.505738038,1.2544010655101232
774,40,4.801628148,1.5689550578993787
775,40,2.924472855,1.0731142439293313
776,40,2.056588859,0.7210487166048541
777,40,1.582735048,0.459154393548638
778,40,3.206738704,1.165254440622039
779,40,8.235513612,2.1084557310836205
780,40,1.355418669,0.3041103874187318
781,40,2.621346578,0.9636881468089555
782,40,6.250551204,1.8326696524995678
783,40,3.326304473,1.2018619198761538
784,40,2.649782315,0.9744774913410034
785,40,4.641867886,1.5351168468698981
786,40,3.902820949,1.361699611921991
787,40,3.37887959,1.217544172294022
788,40,1.532195149,0.42670144505980606
789,40,1.310758098,0.2706056705937054
790,40,2.642489738,0.9717215553110065
791,40,2.623834045,0.9646366240360588
792,40,3.20549497,1.1648665152659685
793,40,2.239753522,0.8063658249912449
794,40,2.270167869,0.8198537798603849
795,40,3.997908305,1.3857713005975834
796,40,2.3387981,0.8496371649366301
797,40,2.184408411,0.7813450417737077
798,40,2.572163526,0.9447473836700017
799,40,3.895471764,1.3598147923990098
800,40,2.961445004,1.0856773262433572
801,40,1.145796778,0.13610027097931007
802,40,2.768104453,1.018162772953846
803,40,2.003504988,0.6948981407340875
804,40,2.264288542,0.8172606001000041
805,40,4.52394149,1.509383624925323
806,40,1.268754612,0.23803579887524512
807,45,1.229539137,0.20663941380637188
808,45,5.133849494,1.6358557664758038
809,45,2.215298141,0.7953869953421447
810,45,2.038443557,0.7121865543973941
811,45,4.371325887,1.475066369725169
812,45,4.570357619,1.5195914554549625
813,45,3.591634563,1.278607408905884
814,45,8.445736385,2.1336617442084087
815,45,4.22537301,1.4411075433026557
816,45,2.872001741,1.0550092573835657
817,45,2.503826776,0.9178202719311426
818,45,1.508667809,0.41122701572368286
819,45,2.478272304,0.9075616657894933
820,45,3.661768534,1.2979462367177734
821,45,1.199256635,0.18170189400928838
822,45,4.920858468,1.5934830006492693
823,45,3.736292832,1.318093898451271
824,45,1.536248492,0.42934340028655976
825,45,1.948383954,0.6670002874410771
826,45,2.13137388,0.7567667858736641
827,45,2.909601694,1.068016196901086
828,45,1.560226954,0.44483129401310517
829,45,3.626026094,1.2881373086663905
830,45,1.762635909,0.5668103642207103
831,45,3.503544973,1.2537753053380427
832,45,3.427782264,1.2319134817987618
833,45,0.852527011,-0.15955038586892908
834,45,0.90611247,-0.09859184157092718
835,45,2.069401564,0.7272594659630482
836,45,4.036401699,1.3953536265277793
837,45,4.29561948,1.457595777864535
838,45,7.026171374,1.9496419449495288
839,45,2.900877135,1.065013151605347
840,45,4.41945151,1.4860155956292822
841,45,1.760159293,0.5654043123408777
842,45,2.020431636,0.7033111697746588
843,45,1.535516788,0.428866994085472
844,45,1.927445114,0.6561953508229426
845,45,0.593492976,-0.5217298998802904
846,45,1.385117179,0.3257847418366083
847,45,4.591690564,1.5242482708582326
848,45,5.380387746,1.6827604433238614
849,45,1.726386967,0.5460307662578344
850,45,3.110153237,1.1346719973245674
851,45,3.160080072,1.150597366518294
852,45,2.482437531,0.9092409528743547
853,45,2.290666847,0.8288429747391033
854,45,1.678936748,0.5181607049617182
855,45,1.73302881,0.5498706349461228
856,45,6.105480404,1.8091867947206426
857,45,2.843970755,1.0452012288360841
858,45,3.389281807,1.2206180426054511
859,45,3.219969672,1.169371940878421
860,45,5.117075984,1.6325831790384815
861,45,1.308341366,0.26876020216524915
862,45,1.429809279,0.35754106404839814
863,45,4.616344328,1.5296031208778433
864,45,2.300010509,0.8329136920551002
865,45,1.035404336,0.034792013230420554
866,45,1.24918347,0.22249011387045653
867,45,3.278058162,1.187251223300289
868,45,5.207867291,1.65017042282277
869,45,0.987109914,-0.012973884046781816
870,45,3.507597701,1.2549313874889338
871,45,7.234828272,1.9789066240726556
872,45,4.104636801,1.4121172617671522
873,45,3.064166529,1.119775600597249
874,45,3.927782114,1.3680749189944377
875,45,4.011031074,1.3890483339531197
876,45,4.72092613,1.552004994333069
877,45,1.400371083,0.3367372607849209
878,45,1.622142867,0.4837480325788267
879,45,1.853145917,0.6168846905601496
880,45,0.873691054,-0.13502845094305355
881,45,3.834739292,1.344101451282837
882,45,2.655239489,0.9765348536390377
883,45,3.788583681,1.3319922503068926
884,45,5.798883651,1.7576654250613655
885,45,2.14054864,0.7610621700073809
886,45,1.884779328,0.6338107466730489
887,45,2.630304222,0.9670995132642377
888,45,3.890294865,1.3584849555288299
889,45,2.264830974,0.8175001309848383
890,45,1.085331171,0.08188516714833216
891,45,2.791905005,1.026724160324162
892,45,2.873690454,1.0555970762194213
893,45,3.115669374,1.1364440164738656
894,45,4.283123696,1.454682578907299
895,45,1.521388693,0.41962353158289306
896,50,2.1643019,0.7720978614199554
897,50,3.603398643,1.2818774676106144
898,50,3.49437011,1.2511531334059138
899,50,2.62996652,0.9669711160706227
900,50,4.629403016,1.532427921555953
901,50,3.869243424,1.3530589902551104
902,50,4.700381292,1.5476436313829272
903,50,6.626756898,1.8911155288660064
904,50,3.301248517,1.1943007354053252
905,50,3.201676351,1.1636745323265967
906,50,3.309250483,1.196721723566254
907,50,1.823482518,0.600748144162786
908,50,2.718562714,1.0001033266774546
909,50,6.144374966,1.8155370236055353
910,50,1.372508897,0.3166403767120502
911,50,4.098670361,1.4106626189178113
912,50,6.129458765,1.8131064532278933
913,50,1.874028456,0.6280903683327487
914,50,1.715579794,0.5397510957875455
915,50,2.270178311,0.8198583795096567
916,50,3.12112921,1.138194862623924
917,50,2.473769375,0.9057430501424708
918,50,3.268095295,1.1842073366093306
919,50,1.785263462,0.5795660020992285
920,50,2.736349432,1.0066247079795312
921,50,3.951647975,1.3741327007663726
922,50,0.638860581,-0.4480690315085888
923,50,0.84920609,-0.16345337772326324
924,50,1.777946113,0.575458828983383
925,50,3.813350149,1.3385081069766167
926,50,4.7313393,1.5542083125301243
927,50,7.300909514,1.9879989313524407
928,50,3.841550037,1.3458759406214338
929,50,3.151636914,1.1479219731016117
930,50,1.594111881,0.4663167667380266
931,50,2.908757388,1.067725975553786
932,50,1.90611217,0.6450656544972105
933,50,2.169592936,0.7745395628589339
934,50,0.695260357,-0.3634688891793067
935,50,2.15692825,0.768685103061463
936,50,4.26134055,1.4495837938775291
937,50,4.332318827,1.4661029245376462
938,50,0.968985392,-0.03150574254040215
939,50,2.834458191,1.0418508046293389
940,50,3.54328384,1.2650539355731414
941,50,3.034109128,1.1099178486380972
942,50,2.441178954,0.892481100481124
943,50,1.84943089,0.6148779647363063
944,50,1.108127524,0.1026716755651174
945,50,5.739782056,1.7474212402726423
946,50,1.976302441,0.6812276447998549
947,50,2.586006125,0.9501146488696759
948,50,2.575142754,0.9459049710256474
949,50,5.404703911,1.6872696690171183
950,50,1.229933139,0.2069598093702619
951,50,1.425418849,0.3544656996547189
952,50,4.165764709,1.4268998623671683
953,50,2.356635488,0.8572349611669988
954,50,1.214397937,0.19424842887649432
955,50,2.886073637,1.059896975272186
956,50,4.64944125,1.536747051088996
957,50,1.151975318,0.1414781366969513
958,50,3.288752733,1.1905083843868434
959,50,4.783067245,1.565082023767217
960,50,3.0596636,1.118304975280511
961,50,4.218280761,1.4394276424302967
962,50,7.581929889,2.025767770018944
963,50,4.899413024,1.5891154069206554
964,50,5.19717272,1.648114770032448
965,50,1.927782816,0.6563705425402653
966,50,1.98063657,0.6834182930363931
967,50,1.704266018,0.5331345300723903
968,50,4.729369185,1.553791828916534
969,50,1.887143343,0.6350642269353599
970,50,4.174986659,1.4291111628486115
971,50,2.09259192,0.7384034507320852
972,50,0.872396445,-0.13651131962857785
973,50,2.256050114,0.8136155470415753
974,50,3.81205554,1.3381685554654605
975,50,3.555160419,1.2684001871316215
976,50,1.057975589,0.056357260391099
977,50,2.536585894,0.9308190406485816
978,50,3.015759505,1.1038517072448437
979,50,3.34036818,1.2060810344462738
980,50,3.312731094,1.1977729531053452
981,50,1.40453631,0.33970721984457763
982,55,1.20449137,0.18605737824845003
983,55,4.879205889,1.5849824789595384
984,55,2.781210434,1.0228862408536952
985,55,2.327591294,0.844833953459992
986,55,3.170155439,1.1537806210719013
987,55,2.405999419,0.8779653760728238
988,55,1.26373167,0.23406898679631505
989,55,4.773554681,1.5630912435071322
990,55,2.863164682,1.0519275452441172
991,55,2.43588802,0.8903113799897393
992,55,3.215354142,1.1679375046558422
993,55,1.1046377,0.09951740790434552
994,55,2.03433463,0.710168802285492
995,55,4.244004033,1.4455071710340375
996,55,0.755262661,-0.2806896948704345
997,55,4.056567479,1.4003371674983067
998,55,2.447426897,0.895037226539277
999,55,1.373578303,0.3174192347570972
1000,55,1.594562184,0.4665992057667979
1001,55,1.195260207,0.17836390812367264
1002,55,2.175109073,0.7770788117890002
1003,55,2.223910099,0.7992669524597891
1004,55,2.582797805,0.9488732319169408
1005,55,1.217718859,0.1969793208051642
1006,55,1.257795428,0.2293605282025487
1007,55,1.540638922,0.43219721480038026
1008,55,0.431835994,-0.8397094063393903
1009,55,0.670831694,-0.3992370020872223
1010,55,1.677979841,0.5175905942660555
1011,55,2.104130797,0.7439024588177702
1012,55,4.210119107,1.4374909387430257
1013,55,6.452885432,1.8645273845732526
1014,55,3.429527176,1.232422402113042
1015,55,4.209274801,1.4372903765619338
1016,55,1.215636245,0.19526759816749362
1017,55,2.238544797,0.8058260105602929
1018,55,1.59770929,0.4685709096429838
1019,55,1.363334034,0.3099331953228989
1020,55,0.733817217,-0.3094953045398002
1021,55,1.64032369,0.49489359431204555
1022,55,3.331474821,1.2034150951350728
1023,55,4.284193204,1.4549322505414968
1024,55,1.287627626,0.2528014756332899
1025,55,1.990374235,0.6883226788446963
1026,55,2.148541495,0.7647892375209271
1027,55,1.739220453,0.5534369973202594
1028,55,1.957108411,0.6714680834049022
1029,55,1.513170738,0.41420727576263755
1030,55,0.707756141,-0.3456556782351185
1031,55,3.48356304,1.2480556320660752
1032,55,1.412979366,0.3457005006233668
1033,55,1.871664339,0.626828055888398
1034,55,1.526679729,0.4230952655349177
1035,55,3.867273309,1.3525496873968406
1036,55,1.24197862,0.2167057691924291
1037,55,0.929077725,-0.07356287843660719
1038,55,4.451366322,1.4932110877031137
1039,55,2.067825555,0.7264975986394034
1040,55,0.991781745,-0.008252211025109332
1041,55,0.424574946,-0.8566667375773214
1042,55,1.831644173,0.6052140186753091
1043,55,2.80304988,1.030708067243726
1044,55,1.230439743,0.20737162012534371
1045,55,2.304119538,0.8346986243002783
1046,55,4.553527809,1.515902275177396
1047,55,2.563322373,0.9413042190275578
1048,55,3.1045808,1.132878698219505
1049,55,2.497410033,0.9152542080689112
1050,55,2.754361353,1.013185601938804
1051,55,4.639196981,1.5345412868211306
1052,55,1.045817506,0.04479888197009753
1053,55,1.245243343,0.2193309670424913
1054,55,1.297590494,0.2605090785198716
1055,55,1.461498991,0.37946261518233615
1056,55,2.656984401,0.9771917958534045
1057,55,1.228751132,0.20599831374025943
1058,55,2.784869057,1.0242008550387138
1059,55,2.882246111,1.0585698898369287
1060,55,2.743835683,1.0093568257819931
1061,55,2.218675466,0.7969103808886061
1062,55,1.361701724,0.30873518521206933
1063,55,1.820611797,0.5991725968000144
1064,55,3.291004249,1.1911927610573005
1065,55,0.82826725,-0.18841941097403733
1066,55,3.967914984,1.3782407637898733
1067,55,2.469772947,0.9041262221230912
1068,55,3.476752192,1.2460985798502466
1069,55,3.925080398,1.3673868345914653
1070,55,1.020037934,0.019839816800720035
1071,60,1.220026675,0.19887272326023325
1072,60,3.681531815,1.3033289196472322
1073,60,2.363390035,0.8600970438307124
1074,60,2.329223605,0.8455349953103787
1075,60,3.202182954,1.1638327503563592
1076,60,3.350499847,1.2091095427662613
1077,60,2.757288374,1.0142477235975247
1078,60,5.760833497,1.7510821685794145
1079,60,2.852470111,1.0481853245221595
1080,60,2.030113102,0.7080915067725939
1081,60,2.494135073,0.913942004973326
1082,60,1.431385289,0.3586427089187025
1083,60,2.260384243,0.8155348178591464
1084,60,3.47337497,1.2451267351092536
1085,60,0.570752923,-0.5607988722537648
1086,60,1.917425947,0.6509836339568054
1087,60,4.327928397,1.4650889972760863
1088,60,1.206405082,0.18764493079583844
1089,60,1.519587481,0.41843890394520017
1090,60,1.566812497,0.44904329890742106
1091,60,1.184059032,0.16894839332704786
1092,60,1.785544863,0.5797236140318613
1093,60,2.386186388,0.8696964379759384
1094,60,0.918383153,-0.08514059744397079
1095,60,2.427895165,0.8870246947527203
1096,60,2.16126238,0.7706924861655277
1097,60,0.441461057,-0.8176654689440258
1098,60,0.685747793,-0.37724536754364646
1099,60,2.014183795,0.7002140488217256
1100,60,2.462061596,0.9009990461332964
1101,60,3.869524825,1.3531317152653628
1102,60,6.029492596,1.7966628605982387
1103,60,2.378024733,0.8662701989714413
1104,60,2.538218306,0.9314623805655395
1105,60,1.405099215,0.3401079159509038
1106,60,1.72239054,0.5437131747166583
1107,60,1.066024642,0.06393644179917633
1108,60,1.600359722,0.4702284302261017
1109,60,0.547618869,-0.6021757285281848
1110,60,1.333501733,0.2878083642266391
1111,60,3.476921094,1.2461471590667517
1112,60,4.515252452,1.5074610993700461
1113,60,1.440166149,0.3647584881820048
1114,60,1.705279225,0.533728865655357
1115,60,3.139647734,1.1441106070025682
1116,60,2.291342251,0.8291377816635098
1117,60,1.635032654,0.49166277601522507
1118,60,1.666834967,0.5109265988678335
1119,60,0.566925398,-0.5675275571031366
1120,60,3.654507485,1.295961333096015
1121,60,1.073623392,0.07103927537347596
1122,60,1.864290791,0.6228807078514438
1123,60,3.160642875,1.1507754483631103
1124,60,3.85680394,1.3498388456810415
1125,60,0.763424316,-0.2699412869383004
1126,60,0.990430835,-0.009615243651155922
1127,60,4.039118361,1.396026440682731
1128,60,3.222164887,1.17005345880229
1129,60,0.639141982,-0.4476286552328367
1130,60,0.417876699,-0.8725688684409862
1131,60,2.199988039,0.7884519235313088
1132,60,2.76409912,1.0167147663333425
1133,60,0.850050395,-0.16245964301995874
1134,60,3.096531747,1.1302826938866155
1135,60,4.008835859,1.3885008896942153
1136,60,2.64792214,0.9737752343192128
1137,60,3.546942464,1.2660859546280645
1138,60,2.602048033,0.9562988399506749
1139,60,3.24051451,1.1757321165796668
1140,60,3.378362135,1.217391016606518
1141,60,0.986659611,-0.013430171371222828
1142,60,0.818585784,-0.2001770813096646
1143,60,1.285601313,0.25122655675364974
1144,60,1.177529688,0.16341875932945343
1145,60,2.678767546,0.9853568178541935
1146,60,1.112180252,0.10632227981437375
1147,60,2.022908252,0.7045362047102941
1148,60,3.095068236,1.1298099530663834
1149,60,1.602442335,0.4715289247658581
1150,60,1.667003869,0.5110279247017764
1151,60,2.321512253,0.8422188065168934
1152,60,3.237193588,1.1747067779133655
1153,60,3.718280911,1.3132614407754526
1154,60,0.64038029,-0.4456930759721944
1155,60,2.422941933,0.8849824766277042
1156,60,2.514183646,0.9219481568238707
1157,60,3.216986452,1.168445036870962
1158,60,3.50894861,1.255316451295774
1159,60,0.745693796,-0.293440224166608
1160,65,1.348924436,0.2993075608309329
1161,65,5.528817342,1.7099739304563126
1162,65,2.166891117,0.7732934753296917
1163,65,2.638128175,0.97006964106018
1164,65,4.511987729,1.506737794555535
1165,65,3.600978225,1.2812055377170475
1166,65,2.485083049,0.9103060791108766
1167,65,6.293367364,1.839496279449879
1168,65,3.438420637,1.235012248807595
1169,65,2.327197292,0.8446646645680644
1170,65,2.139873237,0.7607465922325666
1171,65,0.829055255,-0.18746847347454138
1172,65,1.805245395,0.5906965354526724
1173,65,2.068500958,0.7268241700567611
1174,65,0.590847458,-0.5261974031827487
1175,65,3.351681956,1.209462296256693
1176,65,3.372508195,1.2156567390449313
1177,65,0.710176559,-0.3422416652133039
1178,65,1.559438847,0.44432604308750095
1179,65,1.34779873,0.29847269125323356
1180,65,1.408082434,0.34222880289704927
1181,65,1.567994504,0.44979741682003244
1182,65,2.168636029,0.7740984118624148
1183,65,1.217268555,0.19660945934095747
1184,65,2.439884345,0.8919506385915504
1185,65,2.845265363,1.0456563366908098
1186,65,0.36423494,-1.009956179991485
1187,65,0.459247877,-0.7781651776520779
1188,65,1.834514791,0.6067800274680771
1189,65,2.715185492,0.9988602722307505
1190,65,3.61367055,1.2847240286345798
1191,65,5.430314581,1.6919970661535608
1192,65,1.834571092,0.6068107168560063
1193,65,2.945175232,1.080168316861418
1194,65,1.418270402,0.3494381024551101
1195,65,1.763142512,0.5670977350892078
1196,65,1.744229986,0.5563131894987688
1197,65,1.393729137,0.33198298714564584
1198,65,0.615388722,-0.48550114255396676
1199,65,1.151468714,0.14103827013094797
1200,65,3.98356289,1.3821766173376093
1201,65,2.677979541,0.9850626075833384
1202,65,1.048125323,0.04700316176463884
1203,65,1.287571326,0.25275775085624674
1204,65,2.604862351,0.9573798335021303
1205,65,1.707699541,0.5351471671284471
1206,65,1.116852083,0.11051408786261879
1207,65,0.904817861,-0.10002161410096934
1208,65,0.377406128,-0.9744334087656281
1209,65,3.215354142,1.1679375046558422
1210,65,1.885623633,0.6342586059723576
1211,65,2.04632381,0.7160449199140014
1212,65,2.270403411,0.8199575298009482
1213,65,2.436308126,0.8904838303544013
1214,65,0.537374601,-0.6210598466642225
1215,65,0.72087113,-0.32729489553678126
1216,65,5.048180322,1.6190278460747665
1217,65,1.136327412,0.1278014935617885
1218,65,0.442080262,-0.8162638251542927
1219,65,0.166779218,-1.7910843891458983
1220,65,2.312731496,0.8384292917725125
1221,65,3.917537846,1.3654633559544054
1222,65,1.113868863,0.10783941734068624
1223,65,2.868906022,1.0539307801016249
1224,65,3.788189679,1.3318882477238314
1225,65,2.569120013,0.9435634328793359
1226,65,2.267983096,0.8188909325749434
1227,65,3.123437026,1.1389340063907931
1228,65,3.682088168,1.3034800282058876
1229,65,4.049756631,1.3986567882017935
1230,65,0.733760917,-0.309572029585947
1231,65,0.77158597,-0.25930718111224693
1232,65,0.902397546,-0.10270011765693383
1233,65,1.048350423,0.047217903100229754
1234,65,2.571033725,0.944308045661741
1235,65,1.43864644,0.36370269931476573
1236,65,1.892265477,0.6377747763254941
1237,65,4.313518799,1.4617539977028133
1238,65,1.597601602,0.4685035058730968
1239,65,1.984576697,0.6854056405163393
1240,65,2.423054535,0.8850289488035564
1241,65,2.615106722,0.9613049081563961
1242,65,2.987615816,1.0944756833681384
1243,65,0.498198638,-0.6967564099996245
1244,65,2.291454852,0.8291869223945926
1245,65,2.056399177,0.7209564809851662
1246,65,1.772317375,0.5722879416758827
1247,65,0.229072141,-1.473718298837359
1248,65,0.781548735,-0.24647777022043263
1249,70,0.882073612,-0.12547976614050393
1250,70,2.760868381,1.0155452610402704
1251,70,1.592854328,0.46552758167436514
1252,70,2.668381503,0.9814721099599129
1253,70,3.35117873,1.2093121436503598
1254,70,2.385776519,0.8695246558355506
1255,70,2.589745002,0.9515594160381969
1256,70,3.74470006,1.3203415229740274
1257,70,3.126915078,1.1400469204478303
1258,70,2.57125903,0.9443956738894124
1259,70,2.076318667,0.7305964540053442
1260,70,1.289388917,0.2541683983866798
1261,70,2.084289718,0.7344281343822653
1262,70,2.97704787,1.090932161850613
1263,70,0.622646802,-0.47377585193994975
1264,70,3.015942124,1.1039122603064133
1265,70,3.644355243,1.2931794617482388
1266,70,0.434676927,-0.8331522203808939
1267,70,0.793487449,-0.23131755640604793
1268,70,1.168579312,0.15578874774685583
1269,70,1.187630748,0.17196035444465235
1270,70,1.178585582,0.16431506018886616
1271,70,2.375374506,0.8651551117922
1272,70,0.848493425,-0.16429294330664784
1273,70,1.380971197,0.32278701758401906
1274,70,2.60206912,0.9563069439188908
1275,70,0.2584092,-1.3532109039923172
1276,70,0.346769136,-1.0590960345759697
1277,70,1.425631768,0.3546150614367415
1278,70,2.53044267,0.9283942558136937
1279,70,2.820509951,1.036917702289525
1280,70,4.589632006,1.523799847873679
1281,70,2.438860287,0.891530834690226
1282,70,2.666346284,0.9807091022939177
1283,70,1.245576336,0.21959834328396816
1284,70,1.652778528,0.5024578280113374
1285,70,1.351178716,0.3009773344631749
1286,70,0.739159948,-0.302240943023042
1287,70,0.437107786,-0.8275754644140456
1288,70,0.704222915,-0.3506603323191576
1289,70,3.185539038,1.1586215174043535
1290,70,3.806489961,1.336707494429771
1291,70,0.921137383,-0.0821460866415973
1292,70,1.960031645,0.6729606185202534
1293,70,1.189213616,0.17329226179035156
1294,70,2.017807717,0.7020116334471144
1295,70,0.642150486,-0.44293260089084285
1296,70,0.69873933,-0.3584775247546413
1297,70,3.134151149,1.1423583715519692
1298,70,1.720504262,0.5426174234391941
1299,70,1.774436123,0.5734826952741952
1300,70,1.740516699,0.554182022592765
1301,70,3.092317282,1.1289207393029086
1302,70,0.567019062,-0.5673623567718735
1303,70,0.765843198,-0.2667778325458009
1304,70,2.502911429,0.9174546258866644
1305,70,1.492679028,0.4005725108497771
1306,70,0.425009894,-0.8556428303286953
1307,70,2.868279753,1.053712460867405
1308,70,3.323195242,1.2009267423861583
1309,70,0.781728795,-0.2462474080520513
1310,70,2.021143072,0.7036632285926934
1311,70,3.857877748,1.3501172260602619
1312,70,2.435864067,0.8903015465665385
1313,70,3.06823451,1.1211023180023327
1314,70,2.499236837,0.9159854200712496
1315,70,2.613658259,0.9607508717664208
1316,70,2.342077052,0.8510381647197268
1317,70,0.845384092,-0.16796420815447868
1318,70,0.775170993,-0.25467163783632885
1319,70,1.188196007,0.17243619638849458
1320,70,1.261122696,0.23200235280450546
1321,70,2.592345582,0.9525630959917442
1322,70,2.248289934,0.810169897914276
1323,70,3.15212847,1.1480779294137688
1324,70,5.209113072,1.6504096055729582
1325,70,1.246876575,0.22064168425318811
1326,70,1.302730542,0.2644624785989238
1327,70,2.765503975,1.0172228878046634
1328,70,2.973316772,1.0896780879531391
1329,70,2.843914352,1.0451813961569985
1330,70,0.397026405,-0.9237524891717147
1331,70,1.60054275,0.4703427904740633
1332,70,1.833003578,0.605955920846934
1333,70,1.941602178,0.6635134971848787
1334,70,2.369664798,0.8627485097010664
1335,70,0.557634659,-0.5840512640069727
1336,75,0.681836124,-0.3829659374023445
1337,75,3.100005704,1.1314039514894076
1338,75,2.201085391,0.7889505982479178
1339,75,1.584261411,0.4601183119728888
1340,75,2.242410505,0.8075514055702759
1341,75,2.409406941,0.8793806346466649
1342,75,1.888970556,0.63603200131478
1343,75,3.956357067,1.375323669292975
1344,75,2.119848515,0.7513446309421983
1345,75,1.618406958,0.48144230617011513
1346,75,1.674091204,0.5152704532593811
1347,75,0.642093981,-0.4430205981553644
1348,75,1.794109323,0.5845086999070425
1349,75,2.781106943,1.0228490293848063
1350,75,0.705127513,-0.34937662302123895
1351,75,3.100797087,1.1316592032788844
1352,75,1.755667419,0.5628490803502332
1353,75,0.69873933,-0.3584775247546413
1354,75,1.131494152,0.12353901771751563
1355,75,1.341342065,0.2936706537999894
1356,75,1.969642172,0.6778518876729324
1357,75,1.566905956,0.4491029462570024
1358,75,2.453558759,0.8975395253134212
1359,75,0.874328685,-0.1342989042290722
1360,75,1.319803264,0.2774826830661112
1361,75,2.253095147,0.8123048918056192
1362,75,0.320594742,-1.1375774394402385
1363,75,0.340663685,-1.0768595493710837
1364,75,0.340663685,-1.0768595493710837
1365,75,1.469387741,0.38484581130820644
1366,75,2.431171968,0.8883734324453858
1367,75,3.893606164,1.3593357626466003
1368,75,1.902425192,0.6431294890870561
1369,75,2.514783197,0.922186595859783
1370,75,1.041042492,0.04022260724358595
1371,75,1.091017029,0.08711031534506933
1372,75,1.195375675,0.17846050836376703
1373,75,1.136864725,0.12827423231647703
1374,75,0.471422952,-0.7519996006539225
1375,75,0.891005665,-0.11540449350684853
1376,75,3.865340046,1.3520496590231132
1377,75,2.971960028,1.0892216772361303
1378,75,1.325117333,0.2815010087251288
1379,75,1.75063598,0.5599791390582647
1380,75,2.740403696,1.0081052438539153
1381,75,1.788625739,0.5814475814112152
1382,75,1.038724643,0.03799365581856695
1383,75,0.4915484,-0.7101948701841646
1384,75,3.674147826,1.3013212216938967
1385,75,1.22013682,0.19896299999808345
1386,75,1.962349493,0.6741424762685175
1387,75,1.249024804,0.22236309003352142
1388,75,3.243258503,1.1765785352184193
1389,75,0.602803983,-0.5061632047532849
1390,75,0.658431826,-0.4178942923914277
1391,75,1.977895853,0.6820335791348451
1392,75,1.3669512,0.3125828584945068
1393,75,0.440895491,-0.8189474134793395
1394,75,1.995307813,0.6907983306705812
1395,75,2.237605292,0.8054062279367812
1396,75,0.567132073,-0.56716306939846
1397,75,2.01633786,0.7012829254533209
1398,75,3.380405953,1.2179958067208367
1399,75,1.821810183,0.5998306128397927
1400,75,1.737859716,0.5526543078202603
1401,75,2.022499816,0.7043342789739913
1402,75,2.301091073,0.8333833900179068
1403,75,2.066595026,0.725902337943387
1404,75,0.795692287,-0.2285427419973944
1405,75,0.53892246,-0.6181835774199829
1406,75,1.338063215,0.291223206479372
1407,75,0.850245912,-0.16222966310403844
1408,75,1.822601668,0.6002649682555926
1409,75,1.991689726,0.688983386990391
1410,75,2.068008378,0.7265860078952298
1411,75,2.53044267,0.9283942558136937
1412,75,1.269376479,0.23852581849215823
1413,75,1.415738611,0.34765138148003827
1414,75,2.125784348,0.7541408392150852
1415,75,1.928712801,0.6568528379246695
1416,75,2.717395038,0.9996737147962621
1417,75,0.398157026,-0.9209088138187856
1418,75,1.490926541,0.3993977662925554
1419,75,1.569732558,0.4509052596268913
1420,75,2.246254716,0.8092642586125931
1421,75,2.637062556,0.9696656295016093
1422,75,0.597829152,-0.5144502648478941
1423,80,0.587992501,-0.531041084566196
1424,80,2.694216762,0.9911075357758565
1425,80,1.770591912,0.5713139042413085
1426,80,1.836112809,0.6076507331212241
1427,80,2.442308755,0.8929438029951795
1428,80,2.137316981,0.7595512952389498
1429,80,2.189439747,0.7836456878123792
1430,80,3.206625591,1.165219166468004
1431,80,1.982248817,0.6842319663736236
1432,80,1.585222412,0.4607247205132799
1433,80,1.724913834,0.5451770979313674
1434,80,0.519531889,-0.6548270863036778
1435,80,1.362089482,0.30901990454133754
1436,80,2.453615264,0.8975625548614821
1437,80,0.675165311,-0.39279771290880144
1438,80,2.631974715,0.9677344066540077
1439,80,1.895810987,0.6396467084625679
1440,80,0.630730967,-0.46087586710451806
1441,80,0.866018396,-0.14384912815109419
1442,80,0.94103681,-0.060773022202227474
1443,80,1.282039732,0.24845235021791806
1444,80,1.300864942,0.2630293832269613
1445,80,1.854316254,0.6175160318846968
1446,80,0.831137971,-0.18495946782392206
1447,80,1.99779528,0.6920442125142626
1448,80,1.510204101,0.4122448079178674
1449,80,0.240544992,-1.4248481300099496
1450,80,0.335293111,-1.0927501715009202
1451,80,1.208943424,0.18974677483877808
1452,80,1.30544403,0.2665432357753383
1453,80,2.129232816,0.7557617345591464
1454,80,2.345638531,0.8525576595022871
1455,80,1.502741803,0.4072913082558127
1456,80,2.599525148,0.9553287929629483
1457,80,1.152919941,0.14229780349022422
1458,80,1.270620213,0.23950513795609238
1459,80,1.21312677,0.19320113398180425
1460,80,1.040646749,0.039842393908210816
1461,80,0.261744555,-1.3403862317401252
1462,80,0.784781521,-0.24234991713459977
1463,80,2.740686325,1.0082083726108477
1464,80,2.798236171,1.0289892797576958
1465,80,0.862343804,-0.14810124328822405
1466,80,1.612640642,0.4778729857293222
1467,80,2.188817881,0.783361617729246
1468,80,1.090734399,0.08685122991677184
1469,80,0.830007351,-0.1863207216042071
1470,80,0.457629079,-0.7816962941698249
1471,80,2.42184407,0.8845292623812495
1472,80,1.222963421,0.20127694701817025
1473,80,1.741873444,0.5549612259634004
1474,80,1.593136958,0.4657050021224269
1475,80,2.454237131,0.8978159720196515
1476,80,0.325795697,-1.1214847903906693
1477,80,0.540505431,-0.6152505938497481
1478,80,1.850698168,0.6155629560053606
1479,80,1.471705589,0.3864219928296964
1480,80,0.359036647,-1.0243308149238022
1481,80,1.294476759,0.2581065663982286
1482,80,2.490870043,0.9126320643048984
1483,80,0.443948217,-0.8120473517299089
1484,80,1.693199145,0.5266197247034835
1485,80,2.945107159,1.0801452031987837
1486,80,1.188365625,0.17257893874198904
1487,80,1.866923002,0.6242916221451225
1488,80,1.494431617,0.40174594525471663
1489,80,1.805754967,0.5909787686026575
1490,80,1.825089032,0.6016287705020563
1491,80,0.594041447,-0.5208061859594546
1492,80,0.444965826,-0.8097577952704406
1493,80,0.766747694,-0.26559748349148354
1494,80,0.828820123,-0.187752128090198
1495,80,1.523602231,0.42107741991633035
1496,80,1.584148297,0.4600469108534172
1497,80,1.892023281,0.6376467755222686
1498,80,2.866922907,1.0532392967594382
1499,80,1.290689155,0.2551763044064115
1500,80,1.048956935,0.047796275187271565
1501,80,1.583809162,0.45983280759875894
1502,80,2.007518818,0.6968995406429151
1503,80,2.046186949,0.7159780362779596
1504,80,0.24314547,-1.4140953727809071
1505,80,1.677709291,0.5174293457177283
1506,80,1.404884351,0.339954986942337
1507,80,2.117361049,0.7501705250840001
1508,80,2.126915071,0.7546726064129236
1509,80,0.610040157,-0.494230492834014
1510,125,0.136,-1.995100393246085
1511,125,2.157,0.7687183674070194
1512,125,0.798,-0.22564668153232822
1513,125,0.752,-0.28501895503229724
1514,125,1.077,0.07417939817425147
1515,125,1.228,0.2053868297249507
1516,125,1.338,0.29117596170603677
1517,125,2.302,0.833778310299691
1518,125,1.599,0.46937843385181716
1519,125,0.624,-0.47160491061270937
1520,125,0.647,-0.43540898448123644
1521,125,0.918,-0.08555788836164654
1522,125,1.902,0.6429059641231986
1523,125,0.272,-1.3019532126861397
1524,125,1.051,0.04974209189481401
1525,125,1.345,0.2963940130538024
1526,125,0.566,-0.5691612007789542
1527,125,1.078,0.07510747248680548
1528,125,0.512,-0.6694306539426292
1529,125,0.701,-0.355247391947547
1530,125,0.25,-1.3862943611198906
1531,125,0.938,-0.06400532997591243
1532,125,1.273,0.2413763195752694
1533,125,0.62,-0.4780358009429998
1534,125,1.326,0.2821668917636708
1535,125,1.107,0.10165365372649982
1536,125,1.918,0.6512829764612464
1537,125,1.317,0.27535642276114397
1538,125,0.445,-0.8096809968158968
1539,125,0.753,-0.2836900511822435
1540,125,0.488,-0.7174398731289899
1541,125,0.784,-0.24334625863172918
1542,125,0.15,-1.8971199848858813
1543,125,0.338,-1.0847093834991182
1544,125,0.998,-0.0020020026706730793
1545,125,1.133,0.12486898204586927
1546,125,0.454,-0.789658080940789
1547,125,0.968,-0.03252319170556006
1548,125,1.044,0.04305948946044701
1549,125,0.483,-0.7277386253295643
1550,125,1.699,0.530039842689795
1551,125,0.607,-0.4992264879226388
1552,125,0.853,-0.15899573149045795
1553,125,0.873,-0.13581972314253485
1554,125,1.259,0.23031775506221003
1555,125,0.09,-2.4079456086518722
1556,125,0.358,-1.0272222925814367
1557,125,1.527,0.42330502623649535
1558,125,0.723,-0.3243460568233724
1559,125,0.089,-2.419118909249997
1560,125,0.983,-0.017146158834970514
1561,125,1.908,0.6460555730260947
1562,125,1.204,0.18564934688662926
1563,125,1.688,0.5235443961737654
1564,125,0.734,-0.3092462503676215
1565,125,0.957,-0.04395188752918283
1566,125,1.257,0.22872792960811028
1567,125,1.143,0.1336563848126736
1568,125,1.373,0.316998126785834
1569,125,0.257,-1.3586791940869172
1570,125,0.747,-0.29169009384931976
1571,125,0.892,-0.11428914640212766
1572,125,0.834,-0.18152187662339034
1573,125,0.814,-0.20579491297959682
1574,125,1.747,0.5579000311519196
1575,125,0.636,-0.4525567156420149
1576,125,0.629,-0.4636240222816965
1577,125,1.234,0.21026092548319605
1578,125,1.229,0.20620083058389785
1579,125,1.401,0.33718626735486995
1580,125,1.032,0.031498667059371016
1581,125,0.758,-0.2770718933397654
1582,125,0.921,-0.08229524272683016
1583,125,1.479,0.39136618372866283
1584,125,0.268,-1.3167682984712803
1585,140,0.774,-0.2561834053924099
1586,140,0.512,-0.6694306539426292
1587,140,0.393,-0.9339456671128757
1588,140,0.519,-0.6558513958162484
1589,140,1.116,0.10975086395911929
1590,140,0.923,-0.08012604447928486
1591,140,2.097,0.7405077519197829
1592,140,1.528,0.42395969074432877
1593,140,0.573,-0.5568695622673976
1594,140,0.745,-0.29437106060257756
1595,140,0.691,-0.36961545521446726
1596,140,1.686,0.5223588595796637
1597,140,0.164,-1.8078888511579385
1598,140,0.949,-0.052346480372209236
1599,140,1.037,0.036331929247390204
1600,140,0.465,-0.7657178733947807
1601,140,0.754,-0.282362910974181
1602,140,0.521,-0.6520052372287701
1603,140,0.728,-0.3174542307854511
1604,140,0.237,-1.439695137847006
1605,140,0.885,-0.12216763397420753
1606,140,1.119,0.11243542932978817
1607,140,0.585,-0.5361434317502807
1608,140,1.219,0.19803085049913455
1609,140,0.865,-0.14502577205025774
1610,140,1.727,0.5463857991645416
1611,140,0.494,-0.7052197617942145
1612,140,1.286,0.2515366258154277
1613,140,0.516,-0.6616485135005743
1614,140,0.577,-0.5499130124740376
1615,140,0.571,-0.5603660693261269
1616,140,0.737,-0.3051673867928005
1617,140,0.332,-1.1026203100656484
1618,140,1.144,0.13453089295760606
1619,140,0.989,-0.011060947359424948
1620,140,0.363,-1.0133524447172864
1621,140,0.954,-0.04709160753385057
1622,140,0.925,-0.0779615414697118
1623,140,0.406,-0.9014021193804044
1624,140,1.383,0.32425505268262117
1625,140,0.542,-0.6124892775424908
1626,140,0.731,-0.3133418192323586
1627,140,0.972,-0.028399474521698
1628,140,1.061,0.05921185963184603
1629,140,1.435,0.3611648492115845
1630,140,0.714,-0.33687231664255274
1631,140,0.859,-0.1519863569978817
1632,140,2.106,0.7447904137117837
1633,140,1.108,0.10255658832509215
1634,140,1.862,0.6216511788548754
1635,140,0.764,-0.2691874898156165
1636,140,0.844,-0.16960278438617998
1637,140,1.1,0.09531017980432493
1638,140,1.027,0.026641930946421092
1639,140,1.05,0.04879016416943204
1640,140,0.239,-1.4312917270506265
1641,140,0.438,-0.8255363686056909
1642,140,0.711,-0.3410828491788962
1643,140,0.83,-0.18632957819149348
1644,140,0.957,-0.04395188752918283
1645,140,1.8,0.5877866649021191
1646,140,0.504,-0.6851790109107684
1647,140,0.624,-0.47160491061270937
1648,140,1.345,0.2963940130538024
1649,140,1.053,0.051643233151838386
1650,140,1.287,0.25231392861398955
1651,140,0.927,-0.07580171341628185
1652,140,0.793,-0.23193205734728903
1653,140,0.87,-0.13926206733350766
1654,140,1.081,0.0778865386570712
1655,140,0.237,-1.439695137847006
