,Boots value,Legend
b_1.apo,0.19314838158931,b_1.apo
b_2.apo,-0.025128908688739,b_2.apo
b_1.symb,0.213395360299176,b_1.symb
b_2.symb,-0.0074797284017042,b_2.symb
b_1.apo,0.173310465047854,b_1.apo
b_2.apo,-0.0243209874942376,b_2.apo
b_1.symb,0.139209708135155,b_1.symb
b_2.symb,-0.0099097870251623,b_2.symb
b_1.apo,0.213493890224854,b_1.apo
b_2.apo,-0.0253114292246804,b_2.apo
b_1.symb,0.208915373011894,b_1.symb
b_2.symb,-0.0078687421636199,b_2.symb
b_1.apo,0.175327392085117,b_1.apo
b_2.apo,-0.0246054114443268,b_2.apo
b_1.symb,0.149353323221168,b_1.symb
b_2.symb,-0.0177699409152352,b_2.symb
b_1.apo,0.200202780024808,b_1.apo
b_2.apo,-0.0237307355228837,b_2.apo
b_1.symb,0.224535388653201,b_1.symb
b_2.symb,-0.0068432319188563,b_2.symb
b_1.apo,0.19102604659439,b_1.apo
b_2.apo,-0.02326495233934,b_2.apo
b_1.symb,0.150977726528991,b_1.symb
b_2.symb,-0.0093231061178426,b_2.symb
b_1.apo,0.181375411476158,b_1.apo
b_2.apo,-0.0273298452386406,b_2.apo
b_1.symb,0.13738577608501,b_1.symb
b_2.symb,-0.0095460602260194,b_2.symb
b_1.apo,0.205039957456458,b_1.apo
b_2.apo,-0.0244895724493029,b_2.apo
b_1.symb,0.255583486227395,b_1.symb
b_2.symb,-0.0095647609131889,b_2.symb
b_1.apo,0.156199049794787,b_1.apo
b_2.apo,-0.02364681621021,b_2.apo
b_1.symb,0.226977313208154,b_1.symb
b_2.symb,-0.0048309570327614,b_2.symb
b_1.apo,0.198333184584382,b_1.apo
b_2.apo,-0.0237165287726485,b_2.apo
b_1.symb,0.143528797213345,b_1.symb
b_2.symb,-0.0132418797875542,b_2.symb
b_1.apo,0.188469565359425,b_1.apo
b_2.apo,-0.0238140196376434,b_2.apo
b_1.symb,0.144655690115188,b_1.symb
b_2.symb,-0.0091681891559334,b_2.symb
b_1.apo,0.164295693855841,b_1.apo
b_2.apo,-0.0222006797639942,b_2.apo
b_1.symb,0.144769789771195,b_1.symb
b_2.symb,-0.0099777005748097,b_2.symb
b_1.apo,0.198846405913181,b_1.apo
b_2.apo,-0.0246181864383857,b_2.apo
b_1.symb,0.138358107705234,b_1.symb
b_2.symb,-0.0119283202518445,b_2.symb
b_1.apo,0.166932919535206,b_1.apo
b_2.apo,-0.0289034034061929,b_2.apo
b_1.symb,0.138760522236345,b_1.symb
b_2.symb,-0.0080186825152063,b_2.symb
b_1.apo,0.114508640249498,b_1.apo
b_2.apo,-0.032107898981177,b_2.apo
b_1.symb,0.22019710673854,b_1.symb
b_2.symb,-0.0035413820558014,b_2.symb
b_1.apo,0.191105338167671,b_1.apo
b_2.apo,-0.027037194690434,b_2.apo
b_1.symb,0.186324962617133,b_1.symb
b_2.symb,-0.0065238921481583,b_2.symb
b_1.apo,0.218084652377452,b_1.apo
b_2.apo,-0.0249116744554542,b_2.apo
b_1.symb,0.148408213392846,b_1.symb
b_2.symb,-0.0124187632610413,b_2.symb
b_1.apo,0.188534448519204,b_1.apo
b_2.apo,-0.026476394520398,b_2.apo
b_1.symb,0.144961768739702,b_1.symb
b_2.symb,-0.0109746347067639,b_2.symb
b_1.apo,0.182333449481138,b_1.apo
b_2.apo,-0.0236373744388032,b_2.apo
b_1.symb,0.148165964300928,b_1.symb
b_2.symb,-0.0076210307650002,b_2.symb
b_1.apo,0.174983442879449,b_1.apo
b_2.apo,-0.0263387112379569,b_2.apo
b_1.symb,0.154072282512772,b_1.symb
b_2.symb,-0.013666541585295,b_2.symb
b_1.apo,0.209143845567692,b_1.apo
b_2.apo,-0.0222864283179585,b_2.apo
b_1.symb,0.139944389380885,b_1.symb
b_2.symb,-0.0126743585206119,b_2.symb
b_1.apo,0.182223009614711,b_1.apo
b_2.apo,-0.0276292927608135,b_2.apo
b_1.symb,0.141464782449789,b_1.symb
b_2.symb,-0.0130542679018556,b_2.symb
b_1.apo,0.143866258039249,b_1.apo
b_2.apo,-0.0246535413985685,b_2.apo
b_1.symb,0.207734888380997,b_1.symb
b_2.symb,-0.0092963241163927,b_2.symb
b_1.apo,0.183771595466257,b_1.apo
b_2.apo,-0.0260243656626481,b_2.apo
b_1.symb,0.143655402003854,b_1.symb
b_2.symb,-0.0103321984235179,b_2.symb
b_1.apo,0.181392192419141,b_1.apo
b_2.apo,-0.0245561317476072,b_2.apo
b_1.symb,0.138611475095448,b_1.symb
b_2.symb,-0.0140125546956162,b_2.symb
b_1.apo,0.181179672552237,b_1.apo
b_2.apo,-0.0270260567409425,b_2.apo
b_1.symb,0.143895615759351,b_1.symb
b_2.symb,-0.0122066044569571,b_2.symb
b_1.apo,0.199191390748579,b_1.apo
b_2.apo,-0.0286154088289721,b_2.apo
b_1.symb,0.13723250292888,b_1.symb
b_2.symb,-0.0128719744966081,b_2.symb
b_1.apo,0.18904205499611,b_1.apo
b_2.apo,-0.0260266816908034,b_2.apo
b_1.symb,0.191794161021444,b_1.symb
b_2.symb,-0.0052820733719655,b_2.symb
b_1.apo,0.192683065722999,b_1.apo
b_2.apo,-0.0269832605568111,b_2.apo
b_1.symb,0.14103052457847,b_1.symb
b_2.symb,-0.0126693495094693,b_2.symb
b_1.apo,0.17914588737499,b_1.apo
b_2.apo,-0.0234811680903807,b_2.apo
b_1.symb,0.141096707335596,b_1.symb
b_2.symb,-0.0083577284855497,b_2.symb
b_1.apo,0.182575649204214,b_1.apo
b_2.apo,-0.0265423485486729,b_2.apo
b_1.symb,0.222596024080743,b_1.symb
b_2.symb,-0.0084785674580775,b_2.symb
b_1.apo,0.21559592481908,b_1.apo
b_2.apo,-0.0249334305924739,b_2.apo
b_1.symb,0.209635685557097,b_1.symb
b_2.symb,-0.0084531653591354,b_2.symb
b_1.apo,0.21827499763825,b_1.apo
b_2.apo,-0.0270031854436463,b_2.apo
b_1.symb,0.149333023105012,b_1.symb
b_2.symb,-0.0096288521285195,b_2.symb
b_1.apo,0.178297372686435,b_1.apo
b_2.apo,-0.0244655590042374,b_2.apo
b_1.symb,0.14091694500447,b_1.symb
b_2.symb,-0.0138423906651923,b_2.symb
b_1.apo,0.156152457305307,b_1.apo
b_2.apo,-0.0246009905233613,b_2.apo
b_1.symb,0.143535158175099,b_1.symb
b_2.symb,-0.01456772555155,b_2.symb
b_1.apo,0.192115110575602,b_1.apo
b_2.apo,-0.0219074944156227,b_2.apo
b_1.symb,0.195834066636508,b_1.symb
b_2.symb,-0.0095980483839357,b_2.symb
b_1.apo,0.183646805869699,b_1.apo
b_2.apo,-0.024020780439634,b_2.apo
b_1.symb,0.144536022897208,b_1.symb
b_2.symb,-0.0086518869324692,b_2.symb
b_1.apo,0.19067433654275,b_1.apo
b_2.apo,-0.0259160411642315,b_2.apo
b_1.symb,0.207225836469038,b_1.symb
b_2.symb,-0.008126858657151,b_2.symb
b_1.apo,0.210113130590951,b_1.apo
b_2.apo,-0.0255229029756056,b_2.apo
b_1.symb,0.150904952821154,b_1.symb
b_2.symb,-0.0116240891049627,b_2.symb
b_1.apo,0.217171678792529,b_1.apo
b_2.apo,-0.0252810443619105,b_2.apo
b_1.symb,0.201719579136858,b_1.symb
b_2.symb,-0.0054931017409617,b_2.symb
b_1.apo,0.20597165733636,b_1.apo
b_2.apo,-0.0278008422856071,b_2.apo
b_1.symb,0.151341620079898,b_1.symb
b_2.symb,-0.0139343955716006,b_2.symb
b_1.apo,0.188517909560894,b_1.apo
b_2.apo,-0.0213598760293277,b_2.apo
b_1.symb,0.150287664966058,b_1.symb
b_2.symb,-0.0112288175173501,b_2.symb
b_1.apo,0.190816472329787,b_1.apo
b_2.apo,-0.025179630690087,b_2.apo
b_1.symb,0.203019772279043,b_1.symb
b_2.symb,-0.0094432899923878,b_2.symb
b_1.apo,0.198395035145868,b_1.apo
b_2.apo,-0.0242034349087484,b_2.apo
b_1.symb,0.14361214363364,b_1.symb
b_2.symb,-0.0109095263695493,b_2.symb
b_1.apo,0.16583441330452,b_1.apo
b_2.apo,-0.0263127722065174,b_2.apo
b_1.symb,0.133801463592678,b_1.symb
b_2.symb,-0.0103951062712808,b_2.symb
b_1.apo,0.190274646199973,b_1.apo
b_2.apo,-0.0248392258557581,b_2.apo
b_1.symb,0.151360671645129,b_1.symb
b_2.symb,-0.0151734668369369,b_2.symb
b_1.apo,0.183654958590355,b_1.apo
b_2.apo,-0.019782415782875,b_2.apo
b_1.symb,0.134011887743691,b_1.symb
b_2.symb,-0.0151827935075238,b_2.symb
b_1.apo,0.205023425610508,b_1.apo
b_2.apo,-0.0271968437701041,b_2.apo
b_1.symb,0.149929657491769,b_1.symb
b_2.symb,-0.0148623650582394,b_2.symb
b_1.apo,0.182462769666784,b_1.apo
b_2.apo,-0.0268399512541765,b_2.apo
b_1.symb,0.149112636822582,b_1.symb
b_2.symb,-0.0100638873422363,b_2.symb
b_1.apo,0.180687009607443,b_1.apo
b_2.apo,-0.0242852719252554,b_2.apo
b_1.symb,0.14624411151405,b_1.symb
b_2.symb,-0.0145532079939438,b_2.symb
b_1.apo,0.190962214335046,b_1.apo
b_2.apo,-0.0276543986538428,b_2.apo
b_1.symb,0.158689904147252,b_1.symb
b_2.symb,-0.0026583785979727,b_2.symb
b_1.apo,0.18865291441521,b_1.apo
b_2.apo,-0.0251349353991812,b_2.apo
b_1.symb,0.141353534329273,b_1.symb
b_2.symb,-0.0106765245934875,b_2.symb
b_1.apo,0.183538452078533,b_1.apo
b_2.apo,-0.0258322445769844,b_2.apo
b_1.symb,0.140058220599655,b_1.symb
b_2.symb,-0.0085823747092524,b_2.symb
b_1.apo,0.195811930240104,b_1.apo
b_2.apo,-0.0280121500952226,b_2.apo
b_1.symb,0.219156004811009,b_1.symb
b_2.symb,-0.0039437943799885,b_2.symb
b_1.apo,0.218191512198924,b_1.apo
b_2.apo,-0.0262143636730118,b_2.apo
b_1.symb,0.236144831308158,b_1.symb
b_2.symb,-0.0047188369196402,b_2.symb
b_1.apo,0.194148022310669,b_1.apo
b_2.apo,-0.0238430186547161,b_2.apo
b_1.symb,0.143807400989306,b_1.symb
b_2.symb,-0.0128646804216612,b_2.symb
b_1.apo,0.152799287004801,b_1.apo
b_2.apo,-0.0275438520892141,b_2.apo
b_1.symb,0.198815512032623,b_1.symb
b_2.symb,-0.0103895729487797,b_2.symb
b_1.apo,0.155585962552068,b_1.apo
b_2.apo,-0.0231426192512748,b_2.apo
b_1.symb,0.134927046280759,b_1.symb
b_2.symb,-0.0127427030021904,b_2.symb
b_1.apo,0.199143648384281,b_1.apo
b_2.apo,-0.0279318658878824,b_2.apo
b_1.symb,0.205791448426638,b_1.symb
b_2.symb,-0.0050429421645321,b_2.symb
b_1.apo,0.186631577871304,b_1.apo
b_2.apo,-0.0254671115636321,b_2.apo
b_1.symb,0.198831623492442,b_1.symb
b_2.symb,-0.0068049753308654,b_2.symb
b_1.apo,0.197529636579843,b_1.apo
b_2.apo,-0.025762068527678,b_2.apo
b_1.symb,0.215055093056852,b_1.symb
b_2.symb,-0.0066108283318058,b_2.symb
b_1.apo,0.199984896542288,b_1.apo
b_2.apo,-0.0266033450020653,b_2.apo
b_1.symb,0.203781958348427,b_1.symb
b_2.symb,-0.0063655073291747,b_2.symb
b_1.apo,0.190114466408439,b_1.apo
b_2.apo,-0.0260132603780307,b_2.apo
b_1.symb,0.129573447063049,b_1.symb
b_2.symb,-0.0110011710811795,b_2.symb
b_1.apo,0.214511867381932,b_1.apo
b_2.apo,-0.0258482893259138,b_2.apo
b_1.symb,0.140558694344855,b_1.symb
b_2.symb,-0.008923904633699,b_2.symb
b_1.apo,0.179714204737602,b_1.apo
b_2.apo,-0.0212200553695941,b_2.apo
b_1.symb,0.135536100006819,b_1.symb
b_2.symb,-0.013962160670034,b_2.symb
b_1.apo,0.19836352033428,b_1.apo
b_2.apo,-0.0270517412830986,b_2.apo
b_1.symb,0.15220514880577,b_1.symb
b_2.symb,-0.012171368809967,b_2.symb
b_1.apo,0.17056449653029,b_1.apo
b_2.apo,-0.0231834388535171,b_2.apo
b_1.symb,0.15212641532884,b_1.symb
b_2.symb,-0.0122428139969324,b_2.symb
b_1.apo,0.181066221210824,b_1.apo
b_2.apo,-0.0228286370051383,b_2.apo
b_1.symb,0.201652106363632,b_1.symb
b_2.symb,-0.0058861730136984,b_2.symb
b_1.apo,0.198885138207821,b_1.apo
b_2.apo,-0.0264237448149911,b_2.apo
b_1.symb,0.209646914203639,b_1.symb
b_2.symb,-0.0063731416222794,b_2.symb
b_1.apo,0.188603674901937,b_1.apo
b_2.apo,-0.0201484075928331,b_2.apo
b_1.symb,0.143765586399273,b_1.symb
b_2.symb,-0.0116753807062718,b_2.symb
b_1.apo,0.156758498789112,b_1.apo
b_2.apo,-0.0227271565528297,b_2.apo
b_1.symb,0.246847353513811,b_1.symb
b_2.symb,-0.0093946763240626,b_2.symb
b_1.apo,0.162658480820224,b_1.apo
b_2.apo,-0.021730710827829,b_2.apo
b_1.symb,0.144982636832377,b_1.symb
b_2.symb,-0.0185875448004498,b_2.symb
b_1.apo,0.182125115232537,b_1.apo
b_2.apo,-0.0280118807209945,b_2.apo
b_1.symb,0.202414433026693,b_1.symb
b_2.symb,-0.0078253181792565,b_2.symb
b_1.apo,0.178043419966453,b_1.apo
b_2.apo,-0.0244801282505932,b_2.apo
b_1.symb,0.197816567119889,b_1.symb
b_2.symb,-0.0097298407396973,b_2.symb
b_1.apo,0.141153120768123,b_1.apo
b_2.apo,-0.0213952319912335,b_2.apo
b_1.symb,0.190420458636643,b_1.symb
b_2.symb,-0.0076208006211447,b_2.symb
b_1.apo,0.198233171897458,b_1.apo
b_2.apo,-0.02851957073576,b_2.apo
b_1.symb,0.197013139109193,b_1.symb
b_2.symb,-0.0096153246850288,b_2.symb
b_1.apo,0.235286792558931,b_1.apo
b_2.apo,-0.0252996392881321,b_2.apo
b_1.symb,0.215369994009062,b_1.symb
b_2.symb,-0.0082324301028571,b_2.symb
b_1.apo,0.173829436594449,b_1.apo
b_2.apo,-0.0200200483778494,b_2.apo
b_1.symb,0.220393805494782,b_1.symb
b_2.symb,-0.0091067766032169,b_2.symb
b_1.apo,0.207504807271358,b_1.apo
b_2.apo,-0.0277148127892954,b_2.apo
b_1.symb,0.138225987845205,b_1.symb
b_2.symb,-0.0126637238645829,b_2.symb
b_1.apo,0.204017490589979,b_1.apo
b_2.apo,-0.0252994426525488,b_2.apo
b_1.symb,0.206872966606927,b_1.symb
b_2.symb,-0.008902131649625,b_2.symb
b_1.apo,0.14492193014072,b_1.apo
b_2.apo,-0.0234047551361782,b_2.apo
b_1.symb,0.216339394981775,b_1.symb
b_2.symb,-0.0148034569702222,b_2.symb
b_1.apo,0.208931126876905,b_1.apo
b_2.apo,-0.0239019416022793,b_2.apo
b_1.symb,0.2170384663641,b_1.symb
b_2.symb,-0.010674041488316,b_2.symb
b_1.apo,0.203225395684981,b_1.apo
b_2.apo,-0.0284045473666348,b_2.apo
b_1.symb,0.21047481719578,b_1.symb
b_2.symb,-0.0069862349952522,b_2.symb
b_1.apo,0.193038415020942,b_1.apo
b_2.apo,-0.0268366219903935,b_2.apo
b_1.symb,0.206000823594461,b_1.symb
b_2.symb,-0.0051641339186551,b_2.symb
b_1.apo,0.146167911490658,b_1.apo
b_2.apo,-0.0228610663099513,b_2.apo
b_1.symb,0.141781070081638,b_1.symb
b_2.symb,-0.0114783668408805,b_2.symb
b_1.apo,0.176095033298505,b_1.apo
b_2.apo,-0.0250047763114975,b_2.apo
b_1.symb,0.171242978650106,b_1.symb
b_2.symb,-0.005623038418675,b_2.symb
b_1.apo,0.185607151168346,b_1.apo
b_2.apo,-0.024973280624127,b_2.apo
b_1.symb,0.138228935013817,b_1.symb
b_2.symb,-0.0092530529451454,b_2.symb
b_1.apo,0.180302503832271,b_1.apo
b_2.apo,-0.027897308713994,b_2.apo
b_1.symb,0.152759355546507,b_1.symb
b_2.symb,-0.0058948632983594,b_2.symb
b_1.apo,0.106987509921444,b_1.apo
b_2.apo,-0.0309137426286179,b_2.apo
b_1.symb,0.138472236963819,b_1.symb
b_2.symb,-0.0122232131352626,b_2.symb
b_1.apo,0.177955389401016,b_1.apo
b_2.apo,-0.02254714123984,b_2.apo
b_1.symb,0.231991016888573,b_1.symb
b_2.symb,-0.0105582750364682,b_2.symb
b_1.apo,0.193649721630789,b_1.apo
b_2.apo,-0.0249282939492697,b_2.apo
b_1.symb,0.14128257187075,b_1.symb
b_2.symb,-0.0120395211153743,b_2.symb
b_1.apo,0.192451867142594,b_1.apo
b_2.apo,-0.0211736736691568,b_2.apo
b_1.symb,0.140429581562158,b_1.symb
b_2.symb,-0.0119448806008271,b_2.symb
b_1.apo,0.184041424280303,b_1.apo
b_2.apo,-0.021382018121937,b_2.apo
b_1.symb,0.185366744823634,b_1.symb
b_2.symb,-0.0073891545647506,b_2.symb
b_1.apo,0.19397284852181,b_1.apo
b_2.apo,-0.02754914607634,b_2.apo
b_1.symb,0.151405559385252,b_1.symb
b_2.symb,-0.0158504655978716,b_2.symb
b_1.apo,0.192660744305485,b_1.apo
b_2.apo,-0.0239469744308089,b_2.apo
b_1.symb,0.157839935065166,b_1.symb
b_2.symb,-0.0128406411482753,b_2.symb
b_1.apo,0.189412734146904,b_1.apo
b_2.apo,-0.0250791684266338,b_2.apo
b_1.symb,0.147765701792811,b_1.symb
b_2.symb,-0.0154374760629079,b_2.symb
b_1.apo,0.201224814007017,b_1.apo
b_2.apo,-0.0257429686991443,b_2.apo
b_1.symb,0.233269506321352,b_1.symb
b_2.symb,-0.0044566365780693,b_2.symb
b_1.apo,0.173430136463447,b_1.apo
b_2.apo,-0.0239248923070964,b_2.apo
b_1.symb,0.220978533921504,b_1.symb
b_2.symb,-0.0076838056319931,b_2.symb
b_1.apo,0.185319084506743,b_1.apo
b_2.apo,-0.0260125454256616,b_2.apo
b_1.symb,0.144020972032379,b_1.symb
b_2.symb,-0.0086907562607024,b_2.symb
b_1.apo,0.206269615444052,b_1.apo
b_2.apo,-0.0267831665408791,b_2.apo
b_1.symb,0.142127812314201,b_1.symb
b_2.symb,-0.0112490213984358,b_2.symb
b_1.apo,0.22094573563109,b_1.apo
b_2.apo,-0.0241085549300732,b_2.apo
b_1.symb,0.23818647351877,b_1.symb
b_2.symb,-0.0074488232891462,b_2.symb
b_1.apo,0.219950041886174,b_1.apo
b_2.apo,-0.0241492323532175,b_2.apo
b_1.symb,0.228138703540032,b_1.symb
b_2.symb,-0.0063332514208293,b_2.symb
b_1.apo,0.207997529966172,b_1.apo
b_2.apo,-0.025745604563763,b_2.apo
b_1.symb,0.16507869556105,b_1.symb
b_2.symb,-0.0135441413645714,b_2.symb
b_1.apo,0.193880153296464,b_1.apo
b_2.apo,-0.0244178109591752,b_2.apo
b_1.symb,0.141161027472786,b_1.symb
b_2.symb,-0.0127645289603762,b_2.symb
b_1.apo,0.171484533540528,b_1.apo
b_2.apo,-0.0222559963574137,b_2.apo
b_1.symb,0.240345540958395,b_1.symb
b_2.symb,-0.0073032034000892,b_2.symb
b_1.apo,0.187412054883499,b_1.apo
b_2.apo,-0.0250142108525036,b_2.apo
b_1.symb,0.20883141198041,b_1.symb
b_2.symb,-0.0077912755348385,b_2.symb
b_1.apo,0.204670028896612,b_1.apo
b_2.apo,-0.0248844143681425,b_2.apo
b_1.symb,0.141658377601889,b_1.symb
b_2.symb,-0.0131878951813882,b_2.symb
b_1.apo,0.192918728520232,b_1.apo
b_2.apo,-0.0265571664877656,b_2.apo
b_1.symb,0.148042925440017,b_1.symb
b_2.symb,-0.0107763653176555,b_2.symb
b_1.apo,0.199645952061307,b_1.apo
b_2.apo,-0.0248998881805956,b_2.apo
b_1.symb,0.185308835765188,b_1.symb
b_2.symb,-0.0064316954840292,b_2.symb
b_1.apo,0.122262397858296,b_1.apo
b_2.apo,-0.0251252450893641,b_2.apo
b_1.symb,0.140461823489163,b_1.symb
b_2.symb,-0.0130433832718828,b_2.symb
b_1.apo,0.20286633210113,b_1.apo
b_2.apo,-0.0245311908676383,b_2.apo
b_1.symb,0.139069399081597,b_1.symb
b_2.symb,-0.0118822601389678,b_2.symb
b_1.apo,0.187251886143512,b_1.apo
b_2.apo,-0.0236581008461799,b_2.apo
b_1.symb,0.154362202173996,b_1.symb
b_2.symb,-0.0120473360398604,b_2.symb
b_1.apo,0.157639362645206,b_1.apo
b_2.apo,-0.027011519570261,b_2.apo
b_1.symb,0.185964979086925,b_1.symb
b_2.symb,-0.0081765125355447,b_2.symb
b_1.apo,0.203247601236683,b_1.apo
b_2.apo,-0.0261597343991974,b_2.apo
b_1.symb,0.143748293964978,b_1.symb
b_2.symb,-0.0134071506667326,b_2.symb
b_1.apo,0.202514604889809,b_1.apo
b_2.apo,-0.0260362677876439,b_2.apo
b_1.symb,0.153363807786058,b_1.symb
b_2.symb,-0.0093473211038477,b_2.symb
b_1.apo,0.194170102110831,b_1.apo
b_2.apo,-0.0284065192120828,b_2.apo
b_1.symb,0.134351378310493,b_1.symb
b_2.symb,-0.0123367613676007,b_2.symb
b_1.apo,0.186238582099256,b_1.apo
b_2.apo,-0.0270662663787208,b_2.apo
b_1.symb,0.16655014322371,b_1.symb
b_2.symb,-0.0081978231049532,b_2.symb
b_1.apo,0.207883303212277,b_1.apo
b_2.apo,-0.0276335023476731,b_2.apo
b_1.symb,0.220787154770849,b_1.symb
b_2.symb,-0.0089357614886689,b_2.symb
b_1.apo,0.181186011604108,b_1.apo
b_2.apo,-0.0282168675107119,b_2.apo
b_1.symb,0.198615423651055,b_1.symb
b_2.symb,-0.005008519982778,b_2.symb
b_1.apo,0.191679810618103,b_1.apo
b_2.apo,-0.0248229721040576,b_2.apo
b_1.symb,0.151004005416401,b_1.symb
b_2.symb,-0.0134567173003743,b_2.symb
b_1.apo,0.190022711198601,b_1.apo
b_2.apo,-0.026979166046743,b_2.apo
b_1.symb,0.133710861977697,b_1.symb
b_2.symb,-0.0085206611251493,b_2.symb
b_1.apo,0.174139149878862,b_1.apo
b_2.apo,-0.0256268363924426,b_2.apo
b_1.symb,0.201479945698715,b_1.symb
b_2.symb,-0.0053031352114715,b_2.symb
b_1.apo,0.183587676917915,b_1.apo
b_2.apo,-0.0245030557739169,b_2.apo
b_1.symb,0.141060100570144,b_1.symb
b_2.symb,-0.0115190161339423,b_2.symb
b_1.apo,0.179270708327069,b_1.apo
b_2.apo,-0.0247769873418842,b_2.apo
b_1.symb,0.147740119685818,b_1.symb
b_2.symb,-0.0115624077663598,b_2.symb
b_1.apo,0.140399275448151,b_1.apo
b_2.apo,-0.0245961983988682,b_2.apo
b_1.symb,0.144808988089024,b_1.symb
b_2.symb,-0.0074564836107309,b_2.symb
b_1.apo,0.198581413646301,b_1.apo
b_2.apo,-0.0212740198638035,b_2.apo
b_1.symb,0.144005933556252,b_1.symb
b_2.symb,-0.0128107109450259,b_2.symb
b_1.apo,0.200750494093323,b_1.apo
b_2.apo,-0.0267264912223868,b_2.apo
b_1.symb,0.148193002584737,b_1.symb
b_2.symb,-0.010343252587499,b_2.symb
b_1.apo,0.207753214406595,b_1.apo
b_2.apo,-0.0227022702625989,b_2.apo
b_1.symb,0.137327889784457,b_1.symb
b_2.symb,-0.0121986677230581,b_2.symb
b_1.apo,0.18440239479012,b_1.apo
b_2.apo,-0.0230645825377078,b_2.apo
b_1.symb,0.199803015511497,b_1.symb
b_2.symb,-0.0055803336623956,b_2.symb
b_1.apo,0.184706028654467,b_1.apo
b_2.apo,-0.0240199643939056,b_2.apo
b_1.symb,0.144612130145905,b_1.symb
b_2.symb,-0.0106391576575258,b_2.symb
b_1.apo,0.193388148345746,b_1.apo
b_2.apo,-0.0259124576670794,b_2.apo
b_1.symb,0.141571664885537,b_1.symb
b_2.symb,-0.0089313340661267,b_2.symb
b_1.apo,0.194294270399153,b_1.apo
b_2.apo,-0.0284213806307717,b_2.apo
b_1.symb,0.177267464337325,b_1.symb
b_2.symb,-0.0090081874471625,b_2.symb
b_1.apo,0.192269399664471,b_1.apo
b_2.apo,-0.0247513688533449,b_2.apo
b_1.symb,0.212458990080569,b_1.symb
b_2.symb,-0.006939849649611,b_2.symb
b_1.apo,0.174976888266373,b_1.apo
b_2.apo,-0.0257375974089369,b_2.apo
b_1.symb,0.139626761387116,b_1.symb
b_2.symb,-0.0078641019031601,b_2.symb
b_1.apo,0.200709281014456,b_1.apo
b_2.apo,-0.0241126181182581,b_2.apo
b_1.symb,0.235274585414199,b_1.symb
b_2.symb,-0.0091027902401272,b_2.symb
b_1.apo,0.177438985716497,b_1.apo
b_2.apo,-0.0249424346389662,b_2.apo
b_1.symb,0.14417620867771,b_1.symb
b_2.symb,-0.014274756685812,b_2.symb
b_1.apo,0.182401650321823,b_1.apo
b_2.apo,-0.0217892627802942,b_2.apo
b_1.symb,0.180593901363091,b_1.symb
b_2.symb,-0.0131077104192825,b_2.symb
b_1.apo,0.196321081148212,b_1.apo
b_2.apo,-0.026722061683148,b_2.apo
b_1.symb,0.202931720667214,b_1.symb
b_2.symb,-0.0093634856132385,b_2.symb
b_1.apo,0.180748420256032,b_1.apo
b_2.apo,-0.0267668528371473,b_2.apo
b_1.symb,0.199224924829706,b_1.symb
b_2.symb,-0.0085168529842572,b_2.symb
b_1.apo,0.167848112306675,b_1.apo
b_2.apo,-0.0238138941964839,b_2.apo
b_1.symb,0.14450254105781,b_1.symb
b_2.symb,-0.011402231789547,b_2.symb
b_1.apo,0.219036604810295,b_1.apo
b_2.apo,-0.0241930339867072,b_2.apo
b_1.symb,0.215589669479287,b_1.symb
b_2.symb,-0.0066511435134287,b_2.symb
b_1.apo,0.195236057726264,b_1.apo
b_2.apo,-0.0256775935828857,b_2.apo
b_1.symb,0.134146867397679,b_1.symb
b_2.symb,-0.0072025209264944,b_2.symb
b_1.apo,0.189500510993832,b_1.apo
b_2.apo,-0.025671160823129,b_2.apo
b_1.symb,0.16888323157683,b_1.symb
b_2.symb,-0.0081589733685885,b_2.symb
b_1.apo,0.178253519600665,b_1.apo
b_2.apo,-0.0310400639980698,b_2.apo
b_1.symb,0.125521331514709,b_1.symb
b_2.symb,-0.0108192069732644,b_2.symb
b_1.apo,0.141236722404319,b_1.apo
b_2.apo,-0.0229843971795266,b_2.apo
b_1.symb,0.218546037419481,b_1.symb
b_2.symb,-0.0098375217295033,b_2.symb
b_1.apo,0.182319237036045,b_1.apo
b_2.apo,-0.025223995690889,b_2.apo
b_1.symb,0.216240485267033,b_1.symb
b_2.symb,-0.010897059891231,b_2.symb
b_1.apo,0.165192106320105,b_1.apo
b_2.apo,-0.0255139875485938,b_2.apo
b_1.symb,0.232740494564847,b_1.symb
b_2.symb,-0.0086235391205149,b_2.symb
b_1.apo,0.176743406284848,b_1.apo
b_2.apo,-0.0241924219061675,b_2.apo
b_1.symb,0.144445935029629,b_1.symb
b_2.symb,-0.0125449516945622,b_2.symb
b_1.apo,0.190877495160269,b_1.apo
b_2.apo,-0.0284293365866224,b_2.apo
b_1.symb,0.148693877408204,b_1.symb
b_2.symb,-0.0126720651447331,b_2.symb
b_1.apo,0.174468878892278,b_1.apo
b_2.apo,-0.0256210292932611,b_2.apo
b_1.symb,0.232718540533696,b_1.symb
b_2.symb,-0.0081035456044768,b_2.symb
b_1.apo,0.167461836842922,b_1.apo
b_2.apo,-0.0267483697044382,b_2.apo
b_1.symb,0.191092690928731,b_1.symb
b_2.symb,-0.0078417446732458,b_2.symb
b_1.apo,0.175552845297149,b_1.apo
b_2.apo,-0.024273846117214,b_2.apo
b_1.symb,0.1352310611168,b_1.symb
b_2.symb,-0.0103115065952038,b_2.symb
b_1.apo,0.196144771881632,b_1.apo
b_2.apo,-0.0239085008128728,b_2.apo
b_1.symb,0.125801224051371,b_1.symb
b_2.symb,-0.0138879559148432,b_2.symb
b_1.apo,0.170054713719895,b_1.apo
b_2.apo,-0.0258039152305379,b_2.apo
b_1.symb,0.201905310824488,b_1.symb
b_2.symb,-0.0056388866883496,b_2.symb
b_1.apo,0.18782729762377,b_1.apo
b_2.apo,-0.026470402260932,b_2.apo
b_1.symb,0.142897502585713,b_1.symb
b_2.symb,-0.0098768981135833,b_2.symb
b_1.apo,0.194326421494537,b_1.apo
b_2.apo,-0.0288414976587136,b_2.apo
b_1.symb,0.154100246830065,b_1.symb
b_2.symb,-0.0098547178655518,b_2.symb
b_1.apo,0.185958582900518,b_1.apo
b_2.apo,-0.0215877777945478,b_2.apo
b_1.symb,0.185107789697963,b_1.symb
b_2.symb,-0.0067686440239499,b_2.symb
b_1.apo,0.175662108099062,b_1.apo
b_2.apo,-0.0234729072917771,b_2.apo
b_1.symb,0.22437285959888,b_1.symb
b_2.symb,-0.0066847526180596,b_2.symb
b_1.apo,0.200920295775602,b_1.apo
b_2.apo,-0.0223269622503827,b_2.apo
b_1.symb,0.139306772162383,b_1.symb
b_2.symb,-0.0137355935770712,b_2.symb
b_1.apo,0.1936790255719,b_1.apo
b_2.apo,-0.0254210127596188,b_2.apo
b_1.symb,0.214271850348002,b_1.symb
b_2.symb,-0.0039472515027887,b_2.symb
b_1.apo,0.19186976602267,b_1.apo
b_2.apo,-0.0270241719227125,b_2.apo
b_1.symb,0.148088216703263,b_1.symb
b_2.symb,-0.0140064110407758,b_2.symb
b_1.apo,0.176614824621227,b_1.apo
b_2.apo,-0.0273624098965338,b_2.apo
b_1.symb,0.14206274693187,b_1.symb
b_2.symb,-0.0151405087887704,b_2.symb
b_1.apo,0.160945689416311,b_1.apo
b_2.apo,-0.0261535698692101,b_2.apo
b_1.symb,0.202171810704467,b_1.symb
b_2.symb,-0.0065580215909643,b_2.symb
b_1.apo,0.210015032748104,b_1.apo
b_2.apo,-0.0253244122560437,b_2.apo
b_1.symb,0.143748090326811,b_1.symb
b_2.symb,-0.0128547418642398,b_2.symb
b_1.apo,0.188679194450453,b_1.apo
b_2.apo,-0.0249801971018406,b_2.apo
b_1.symb,0.179327015635355,b_1.symb
b_2.symb,-0.0020304312227558,b_2.symb
b_1.apo,0.195476995052206,b_1.apo
b_2.apo,-0.024700822245851,b_2.apo
b_1.symb,0.214671307247199,b_1.symb
b_2.symb,-0.0054831449549339,b_2.symb
b_1.apo,0.185304006901489,b_1.apo
b_2.apo,-0.0282473329345932,b_2.apo
b_1.symb,0.139939010245292,b_1.symb
b_2.symb,-0.0100386804927064,b_2.symb
b_1.apo,0.190561635459108,b_1.apo
b_2.apo,-0.025760894438165,b_2.apo
b_1.symb,0.194608340903487,b_1.symb
b_2.symb,-0.0071685867344249,b_2.symb
b_1.apo,0.192153719049962,b_1.apo
b_2.apo,-0.0220470341654694,b_2.apo
b_1.symb,0.15000342264706,b_1.symb
b_2.symb,-0.0110017865493121,b_2.symb
b_1.apo,0.15401667680613,b_1.apo
b_2.apo,-0.023647469340191,b_2.apo
b_1.symb,0.143303857256605,b_1.symb
b_2.symb,-0.0112117826606248,b_2.symb
b_1.apo,0.190655988392122,b_1.apo
b_2.apo,-0.0260584389182863,b_2.apo
b_1.symb,0.145630079462551,b_1.symb
b_2.symb,-0.0120134050821317,b_2.symb
b_1.apo,0.14720959643771,b_1.apo
b_2.apo,-0.0272549044488108,b_2.apo
b_1.symb,0.209786258983256,b_1.symb
b_2.symb,-0.0090594438349254,b_2.symb
b_1.apo,0.192129141049443,b_1.apo
b_2.apo,-0.0248201237842993,b_2.apo
b_1.symb,0.155154916138165,b_1.symb
b_2.symb,-0.0147971817395522,b_2.symb
b_1.apo,0.188104210994785,b_1.apo
b_2.apo,-0.0255535781755956,b_2.apo
b_1.symb,0.144384519201945,b_1.symb
b_2.symb,-0.0106657111941179,b_2.symb
b_1.apo,0.209117071190912,b_1.apo
b_2.apo,-0.0290545807092606,b_2.apo
b_1.symb,0.133675788816785,b_1.symb
b_2.symb,-0.0084504219834965,b_2.symb
b_1.apo,0.198215671489572,b_1.apo
b_2.apo,-0.0294739740646726,b_2.apo
b_1.symb,0.167506500995552,b_1.symb
b_2.symb,-0.008607946326246,b_2.symb
b_1.apo,0.209962963674869,b_1.apo
b_2.apo,-0.0246887876900668,b_2.apo
b_1.symb,0.20586416996152,b_1.symb
b_2.symb,-0.0107420571277291,b_2.symb
b_1.apo,0.202925726417786,b_1.apo
b_2.apo,-0.0219514973835465,b_2.apo
b_1.symb,0.20164702825911,b_1.symb
b_2.symb,-0.006296615609137,b_2.symb
b_1.apo,0.217623776521436,b_1.apo
b_2.apo,-0.0235155552592999,b_2.apo
b_1.symb,0.14489173013743,b_1.symb
b_2.symb,-0.0118207989683029,b_2.symb
b_1.apo,0.191795768181279,b_1.apo
b_2.apo,-0.025949934534972,b_2.apo
b_1.symb,0.141749200536814,b_1.symb
b_2.symb,-0.0151051976179555,b_2.symb
b_1.apo,0.164645430936429,b_1.apo
b_2.apo,-0.0302397749967573,b_2.apo
b_1.symb,0.214346570922166,b_1.symb
b_2.symb,-0.0055995401042241,b_2.symb
b_1.apo,0.162820915271484,b_1.apo
b_2.apo,-0.023187765423396,b_2.apo
b_1.symb,0.222362902605468,b_1.symb
b_2.symb,-0.0116239050377353,b_2.symb
b_1.apo,0.189268803204226,b_1.apo
b_2.apo,-0.0249837272365105,b_2.apo
b_1.symb,0.222846841797716,b_1.symb
b_2.symb,-0.0072935193963491,b_2.symb
b_1.apo,0.166998050111429,b_1.apo
b_2.apo,-0.0241399443704027,b_2.apo
b_1.symb,0.144297588676245,b_1.symb
b_2.symb,-0.0108599369045626,b_2.symb
b_1.apo,0.185348006580396,b_1.apo
b_2.apo,-0.0239511563092485,b_2.apo
b_1.symb,0.143041827812498,b_1.symb
b_2.symb,-0.0097829185895514,b_2.symb
b_1.apo,0.183894004588804,b_1.apo
b_2.apo,-0.0249037689690505,b_2.apo
b_1.symb,0.154388352089518,b_1.symb
b_2.symb,-0.0118224797574679,b_2.symb
b_1.apo,0.18441470509634,b_1.apo
b_2.apo,-0.0254370510868463,b_2.apo
b_1.symb,0.220249001361827,b_1.symb
b_2.symb,-0.0081949659667515,b_2.symb
b_1.apo,0.173772411903334,b_1.apo
b_2.apo,-0.0258808561069398,b_2.apo
b_1.symb,0.14180300091134,b_1.symb
b_2.symb,-0.0107174139053078,b_2.symb
b_1.apo,0.184630108578204,b_1.apo
b_2.apo,-0.0269430829188739,b_2.apo
b_1.symb,0.14298559088517,b_1.symb
b_2.symb,-0.011999488027105,b_2.symb
b_1.apo,0.169481313470097,b_1.apo
b_2.apo,-0.0263884126354514,b_2.apo
b_1.symb,0.223842064430426,b_1.symb
b_2.symb,-0.0092140945842403,b_2.symb
b_1.apo,0.189983702637406,b_1.apo
b_2.apo,-0.024724648591901,b_2.apo
b_1.symb,0.229510779407736,b_1.symb
b_2.symb,-0.0079755592274296,b_2.symb
b_1.apo,0.212515073804783,b_1.apo
b_2.apo,-0.0254921841984646,b_2.apo
b_1.symb,0.213317347731454,b_1.symb
b_2.symb,-0.0056682362376649,b_2.symb
b_1.apo,0.171744099306576,b_1.apo
b_2.apo,-0.0239690668494653,b_2.apo
b_1.symb,0.150359787406557,b_1.symb
b_2.symb,-0.0123480749615203,b_2.symb
b_1.apo,0.17593409704278,b_1.apo
b_2.apo,-0.0247273934131459,b_2.apo
b_1.symb,0.168516521386868,b_1.symb
b_2.symb,-0.0066768310388167,b_2.symb
b_1.apo,0.108218140105885,b_1.apo
b_2.apo,-0.0270077347638117,b_2.apo
b_1.symb,0.145600669575992,b_1.symb
b_2.symb,-0.0114858897903369,b_2.symb
b_1.apo,0.20687639681408,b_1.apo
b_2.apo,-0.0248578293467666,b_2.apo
b_1.symb,0.167352838914855,b_1.symb
b_2.symb,-0.0088996952139281,b_2.symb
b_1.apo,0.192113232419945,b_1.apo
b_2.apo,-0.0258897323138693,b_2.apo
b_1.symb,0.136623000227104,b_1.symb
b_2.symb,-0.0070284813565635,b_2.symb
b_1.apo,0.168588374737074,b_1.apo
b_2.apo,-0.0247102977353117,b_2.apo
b_1.symb,0.136839675808862,b_1.symb
b_2.symb,-0.0162582295249136,b_2.symb
b_1.apo,0.187317417939363,b_1.apo
b_2.apo,-0.0286120827656166,b_2.apo
b_1.symb,0.143870941062705,b_1.symb
b_2.symb,-0.0133992454825573,b_2.symb
b_1.apo,0.181931956246864,b_1.apo
b_2.apo,-0.0240973013221966,b_2.apo
b_1.symb,0.14763219144809,b_1.symb
b_2.symb,-0.0103561182565768,b_2.symb
b_1.apo,0.20420279699792,b_1.apo
b_2.apo,-0.0286566291423724,b_2.apo
b_1.symb,0.231630986263152,b_1.symb
b_2.symb,-0.0096708030533048,b_2.symb
b_1.apo,0.187529814887659,b_1.apo
b_2.apo,-0.0232254151966849,b_2.apo
b_1.symb,0.13915848125389,b_1.symb
b_2.symb,-0.0133450486320722,b_2.symb
b_1.apo,0.19005018201331,b_1.apo
b_2.apo,-0.021798614977509,b_2.apo
b_1.symb,0.141859372149984,b_1.symb
b_2.symb,-0.0097671332716803,b_2.symb
b_1.apo,0.17849226246503,b_1.apo
b_2.apo,-0.0217031547453442,b_2.apo
b_1.symb,0.235592904982152,b_1.symb
b_2.symb,-0.0104877877188457,b_2.symb
b_1.apo,0.183806127209766,b_1.apo
b_2.apo,-0.0226427042954847,b_2.apo
b_1.symb,0.141996140414406,b_1.symb
b_2.symb,-0.0115323559288884,b_2.symb
b_1.apo,0.198772314221438,b_1.apo
b_2.apo,-0.0255191611909585,b_2.apo
b_1.symb,0.211815871176358,b_1.symb
b_2.symb,-0.0072273461627426,b_2.symb
b_1.apo,0.176004066669619,b_1.apo
b_2.apo,-0.0266663509315519,b_2.apo
b_1.symb,0.153628862957458,b_1.symb
b_2.symb,-0.0092046062802815,b_2.symb
b_1.apo,0.176911794013408,b_1.apo
b_2.apo,-0.0245774199282313,b_2.apo
b_1.symb,0.216133842572746,b_1.symb
b_2.symb,-0.0049295048483912,b_2.symb
b_1.apo,0.162728771711924,b_1.apo
b_2.apo,-0.0244653597943171,b_2.apo
b_1.symb,0.221536533787848,b_1.symb
b_2.symb,-0.006172896321124,b_2.symb
b_1.apo,0.193983495761762,b_1.apo
b_2.apo,-0.0239898646612485,b_2.apo
b_1.symb,0.212958690891706,b_1.symb
b_2.symb,-0.0081508758825636,b_2.symb
b_1.apo,0.169827998430187,b_1.apo
b_2.apo,-0.0272845597328045,b_2.apo
b_1.symb,0.146264951733097,b_1.symb
b_2.symb,-0.0083771424935698,b_2.symb
b_1.apo,0.179022067060122,b_1.apo
b_2.apo,-0.0295461723758087,b_2.apo
b_1.symb,0.140148398301016,b_1.symb
b_2.symb,-0.0080252168788418,b_2.symb
b_1.apo,0.10696455521856,b_1.apo
b_2.apo,-0.0219310560303963,b_2.apo
b_1.symb,0.136049413236187,b_1.symb
b_2.symb,-0.0144918102106846,b_2.symb
b_1.apo,0.208216622637354,b_1.apo
b_2.apo,-0.0262027502163751,b_2.apo
b_1.symb,0.174311494746687,b_1.symb
b_2.symb,-0.0112663652162831,b_2.symb
b_1.apo,0.185078625671397,b_1.apo
b_2.apo,-0.0267703923351986,b_2.apo
b_1.symb,0.215559360007397,b_1.symb
b_2.symb,-0.0067579698055931,b_2.symb
b_1.apo,0.190180501485253,b_1.apo
b_2.apo,-0.0233402325311955,b_2.apo
b_1.symb,0.143444054393932,b_1.symb
b_2.symb,-0.0098463765548283,b_2.symb
b_1.apo,0.198367704797812,b_1.apo
b_2.apo,-0.0214582043416767,b_2.apo
b_1.symb,0.206907652016735,b_1.symb
b_2.symb,-0.0075998352712244,b_2.symb
b_1.apo,0.183470082547051,b_1.apo
b_2.apo,-0.0268402945644207,b_2.apo
b_1.symb,0.232654092217207,b_1.symb
b_2.symb,-0.0073329526324338,b_2.symb
b_1.apo,0.203936322234128,b_1.apo
b_2.apo,-0.0247733164928463,b_2.apo
b_1.symb,0.198038812018187,b_1.symb
b_2.symb,-0.011698594372524,b_2.symb
b_1.apo,0.183195240156061,b_1.apo
b_2.apo,-0.0255758139421584,b_2.apo
b_1.symb,0.133204946217909,b_1.symb
b_2.symb,-0.0105785245176564,b_2.symb
b_1.apo,0.189345928337763,b_1.apo
b_2.apo,-0.0261384532123056,b_2.apo
b_1.symb,0.139823419443923,b_1.symb
b_2.symb,-0.0123951760293759,b_2.symb
b_1.apo,0.145901497240335,b_1.apo
b_2.apo,-0.021967009895498,b_2.apo
b_1.symb,0.15448368071139,b_1.symb
b_2.symb,-0.0102675554484566,b_2.symb
b_1.apo,0.182483532577583,b_1.apo
b_2.apo,-0.02503295842291,b_2.apo
b_1.symb,0.134631279158228,b_1.symb
b_2.symb,-0.0111197667945777,b_2.symb
b_1.apo,0.191788726686311,b_1.apo
b_2.apo,-0.0292120429660688,b_2.apo
b_1.symb,0.2267061980153,b_1.symb
b_2.symb,-0.0071187422947768,b_2.symb
b_1.apo,0.162285398113015,b_1.apo
b_2.apo,-0.0270487907363691,b_2.apo
b_1.symb,0.12913888027621,b_1.symb
b_2.symb,-0.0088394045726776,b_2.symb
b_1.apo,0.206977343064138,b_1.apo
b_2.apo,-0.0246873943458712,b_2.apo
b_1.symb,0.19759910057146,b_1.symb
b_2.symb,-0.0074482862359078,b_2.symb
b_1.apo,0.188736923908494,b_1.apo
b_2.apo,-0.0231694226995015,b_2.apo
b_1.symb,0.15091777453172,b_1.symb
b_2.symb,-0.0099891928913149,b_2.symb
b_1.apo,0.214711201934667,b_1.apo
b_2.apo,-0.0228480790721077,b_2.apo
b_1.symb,0.150759795948149,b_1.symb
b_2.symb,-0.0113839949526382,b_2.symb
b_1.apo,0.193099612952146,b_1.apo
b_2.apo,-0.02472813684864,b_2.apo
b_1.symb,0.210230540090806,b_1.symb
b_2.symb,-0.0062107322022207,b_2.symb
b_1.apo,0.188972109603274,b_1.apo
b_2.apo,-0.0254770728846288,b_2.apo
b_1.symb,0.196926914762949,b_1.symb
b_2.symb,-0.0085597634009491,b_2.symb
b_1.apo,0.186112873501122,b_1.apo
b_2.apo,-0.0246927569334559,b_2.apo
b_1.symb,0.22606301849392,b_1.symb
b_2.symb,-0.0052212961579413,b_2.symb
b_1.apo,0.199498762212577,b_1.apo
b_2.apo,-0.0240023330844006,b_2.apo
b_1.symb,0.14660785306428,b_1.symb
b_2.symb,-0.0117975167493398,b_2.symb
b_1.apo,0.178766448315076,b_1.apo
b_2.apo,-0.023625839516111,b_2.apo
b_1.symb,0.201938314051126,b_1.symb
b_2.symb,-0.0055464020012185,b_2.symb
b_1.apo,0.117671459591138,b_1.apo
b_2.apo,-0.0273464223301105,b_2.apo
b_1.symb,0.218323789200949,b_1.symb
b_2.symb,-0.0091470496471548,b_2.symb
b_1.apo,0.198385561185621,b_1.apo
b_2.apo,-0.0249993265192563,b_2.apo
b_1.symb,0.152026365598561,b_1.symb
b_2.symb,-0.0128631999082383,b_2.symb
b_1.apo,0.148394139005966,b_1.apo
b_2.apo,-0.0263499473625287,b_2.apo
b_1.symb,0.147300070755538,b_1.symb
b_2.symb,-0.0138749680718185,b_2.symb
b_1.apo,0.194320150576572,b_1.apo
b_2.apo,-0.023689964542881,b_2.apo
b_1.symb,0.137965622618779,b_1.symb
b_2.symb,-0.0101012786695486,b_2.symb
b_1.apo,0.144729625283412,b_1.apo
b_2.apo,-0.0253200448382875,b_2.apo
b_1.symb,0.131987243181697,b_1.symb
b_2.symb,-0.0127238394629683,b_2.symb
b_1.apo,0.195707737640649,b_1.apo
b_2.apo,-0.02703422621818,b_2.apo
b_1.symb,0.206151301216599,b_1.symb
b_2.symb,-0.0042683608871496,b_2.symb
b_1.apo,0.195059146002519,b_1.apo
b_2.apo,-0.0258604847263502,b_2.apo
b_1.symb,0.144118262759476,b_1.symb
b_2.symb,-0.0125516388827066,b_2.symb
b_1.apo,0.198723975570081,b_1.apo
b_2.apo,-0.024618362574599,b_2.apo
b_1.symb,0.152883624894474,b_1.symb
b_2.symb,-0.0090355334599515,b_2.symb
b_1.apo,0.21517770051356,b_1.apo
b_2.apo,-0.0252599420489497,b_2.apo
b_1.symb,0.1473494985652,b_1.symb
b_2.symb,-0.0118413467947156,b_2.symb
b_1.apo,0.212771259868695,b_1.apo
b_2.apo,-0.0251494394679248,b_2.apo
b_1.symb,0.186863379840112,b_1.symb
b_2.symb,-0.010154213729172,b_2.symb
b_1.apo,0.192699708091052,b_1.apo
b_2.apo,-0.0225657984048777,b_2.apo
b_1.symb,0.149387668087455,b_1.symb
b_2.symb,-0.0138338419436096,b_2.symb
b_1.apo,0.185946848966264,b_1.apo
b_2.apo,-0.0255138481162794,b_2.apo
b_1.symb,0.180719634988719,b_1.symb
b_2.symb,-0.0110493705585817,b_2.symb
b_1.apo,0.185959072176131,b_1.apo
b_2.apo,-0.0266493947564553,b_2.apo
b_1.symb,0.137389210075315,b_1.symb
b_2.symb,-0.0148141448583013,b_2.symb
b_1.apo,0.171110638629117,b_1.apo
b_2.apo,-0.0240026898612976,b_2.apo
b_1.symb,0.219817898085298,b_1.symb
b_2.symb,-0.0062854562524586,b_2.symb
b_1.apo,0.176636187293258,b_1.apo
b_2.apo,-0.0248674959310821,b_2.apo
b_1.symb,0.213572663766071,b_1.symb
b_2.symb,-0.0058031704589447,b_2.symb
b_1.apo,0.203010936902608,b_1.apo
b_2.apo,-0.0234111697007149,b_2.apo
b_1.symb,0.144195225147365,b_1.symb
b_2.symb,-0.0108873723469018,b_2.symb
b_1.apo,0.179193939709796,b_1.apo
b_2.apo,-0.0255893327022581,b_2.apo
b_1.symb,0.209681539567386,b_1.symb
b_2.symb,-0.0069380118021684,b_2.symb
b_1.apo,0.0879698394257143,b_1.apo
b_2.apo,-0.0280388683391624,b_2.apo
b_1.symb,0.141455548970969,b_1.symb
b_2.symb,-0.0131321596024396,b_2.symb
b_1.apo,0.189917683101271,b_1.apo
b_2.apo,-0.0244025160974333,b_2.apo
b_1.symb,0.14120966305712,b_1.symb
b_2.symb,-0.0121174541063585,b_2.symb
b_1.apo,0.170509631219208,b_1.apo
b_2.apo,-0.024651481257495,b_2.apo
b_1.symb,0.146782212470574,b_1.symb
b_2.symb,-0.0139438186345376,b_2.symb
b_1.apo,0.174240727340002,b_1.apo
b_2.apo,-0.0263186198266212,b_2.apo
b_1.symb,0.152841745003821,b_1.symb
b_2.symb,-0.014808464115048,b_2.symb
b_1.apo,0.177072089570575,b_1.apo
b_2.apo,-0.0217106542531995,b_2.apo
b_1.symb,0.134106530594581,b_1.symb
b_2.symb,-0.006459771822903,b_2.symb
b_1.apo,0.150120090669075,b_1.apo
b_2.apo,-0.0265665128110068,b_2.apo
b_1.symb,0.243715872003599,b_1.symb
b_2.symb,-0.0077894581009822,b_2.symb
b_1.apo,0.171680783640739,b_1.apo
b_2.apo,-0.0227757677599262,b_2.apo
b_1.symb,0.14190838891798,b_1.symb
b_2.symb,-0.0131011911842619,b_2.symb
b_1.apo,0.178406015165637,b_1.apo
b_2.apo,-0.0226398812106152,b_2.apo
b_1.symb,0.150022370005273,b_1.symb
b_2.symb,-0.0127283761384309,b_2.symb
b_1.apo,0.186005442583503,b_1.apo
b_2.apo,-0.0266750579191781,b_2.apo
b_1.symb,0.135665866223708,b_1.symb
b_2.symb,-0.0105640523348736,b_2.symb
b_1.apo,0.204933219424158,b_1.apo
b_2.apo,-0.0220777888555573,b_2.apo
b_1.symb,0.138022203774103,b_1.symb
b_2.symb,-0.0083114887418944,b_2.symb
b_1.apo,0.194480246960903,b_1.apo
b_2.apo,-0.0258121924291015,b_2.apo
b_1.symb,0.209862686956084,b_1.symb
b_2.symb,-0.0076810082147895,b_2.symb
b_1.apo,0.215065413383754,b_1.apo
b_2.apo,-0.0267905518371905,b_2.apo
b_1.symb,0.210376914543748,b_1.symb
b_2.symb,-0.0044690505343165,b_2.symb
b_1.apo,0.221900918718141,b_1.apo
b_2.apo,-0.0256492809973368,b_2.apo
b_1.symb,0.147180110403603,b_1.symb
b_2.symb,-0.0121263940506499,b_2.symb
b_1.apo,0.210056592461779,b_1.apo
b_2.apo,-0.0241789917912389,b_2.apo
b_1.symb,0.148978401012991,b_1.symb
b_2.symb,-0.0124315994922307,b_2.symb
b_1.apo,0.185668973314663,b_1.apo
b_2.apo,-0.0285213652909289,b_2.apo
b_1.symb,0.138720550857193,b_1.symb
b_2.symb,-0.0111145394104239,b_2.symb
b_1.apo,0.195765687985492,b_1.apo
b_2.apo,-0.0243092052285764,b_2.apo
b_1.symb,0.147049750732098,b_1.symb
b_2.symb,-0.0090145218739962,b_2.symb
b_1.apo,0.210494774537722,b_1.apo
b_2.apo,-0.0223872881022416,b_2.apo
b_1.symb,0.22640184358225,b_1.symb
b_2.symb,-0.0069941448551306,b_2.symb
b_1.apo,0.187328502032419,b_1.apo
b_2.apo,-0.0273821499910893,b_2.apo
b_1.symb,0.220269499576407,b_1.symb
b_2.symb,-0.0078166349674204,b_2.symb
b_1.apo,0.184062717629471,b_1.apo
b_2.apo,-0.0243586312810327,b_2.apo
b_1.symb,0.146519882162283,b_1.symb
b_2.symb,-0.0103591154408855,b_2.symb
b_1.apo,0.186431246148908,b_1.apo
b_2.apo,-0.0225749793709129,b_2.apo
b_1.symb,0.137333148620549,b_1.symb
b_2.symb,-0.0098666362628255,b_2.symb
b_1.apo,0.191449709948864,b_1.apo
b_2.apo,-0.0267284932189704,b_2.apo
b_1.symb,0.153538301057585,b_1.symb
b_2.symb,-0.0128378966242611,b_2.symb
b_1.apo,0.20743135520919,b_1.apo
b_2.apo,-0.0240583482156293,b_2.apo
b_1.symb,0.203787804218842,b_1.symb
b_2.symb,-0.0080947185843244,b_2.symb
b_1.apo,0.182824723033813,b_1.apo
b_2.apo,-0.0240100375483395,b_2.apo
b_1.symb,0.217375137443061,b_1.symb
b_2.symb,-0.0078406588566949,b_2.symb
b_1.apo,0.179007769431706,b_1.apo
b_2.apo,-0.0245475560299535,b_2.apo
b_1.symb,0.13451309282663,b_1.symb
b_2.symb,-0.0120089757687849,b_2.symb
b_1.apo,0.19928811811664,b_1.apo
b_2.apo,-0.0251937595314192,b_2.apo
b_1.symb,0.226721341292325,b_1.symb
b_2.symb,-0.0064711299445656,b_2.symb
b_1.apo,0.171435467567074,b_1.apo
b_2.apo,-0.0260087915877034,b_2.apo
b_1.symb,0.221134775456648,b_1.symb
b_2.symb,-0.005958745529393,b_2.symb
b_1.apo,0.21421515785591,b_1.apo
b_2.apo,-0.0231427024984111,b_2.apo
b_1.symb,0.199741647110982,b_1.symb
b_2.symb,-0.0078172247734173,b_2.symb
b_1.apo,0.195912409366476,b_1.apo
b_2.apo,-0.0270330446795512,b_2.apo
b_1.symb,0.169472958375771,b_1.symb
b_2.symb,-0.0050610900601902,b_2.symb
b_1.apo,0.225988580681257,b_1.apo
b_2.apo,-0.0232854108260259,b_2.apo
b_1.symb,0.142363683924316,b_1.symb
b_2.symb,-0.0127031042218142,b_2.symb
b_1.apo,0.196489352979546,b_1.apo
b_2.apo,-0.0252409925383779,b_2.apo
b_1.symb,0.212002231565848,b_1.symb
b_2.symb,-0.0057820524783737,b_2.symb
b_1.apo,0.181946812475013,b_1.apo
b_2.apo,-0.0268096085466778,b_2.apo
b_1.symb,0.199573005598668,b_1.symb
b_2.symb,-0.0071600948629608,b_2.symb
b_1.apo,0.194600202126023,b_1.apo
b_2.apo,-0.0263355001452255,b_2.apo
b_1.symb,0.220400871467918,b_1.symb
b_2.symb,-0.0060024016203427,b_2.symb
b_1.apo,0.191876099673718,b_1.apo
b_2.apo,-0.0252290410493589,b_2.apo
b_1.symb,0.203014483189452,b_1.symb
b_2.symb,-0.0112907522190487,b_2.symb
b_1.apo,0.178067104367719,b_1.apo
b_2.apo,-0.0269437838948699,b_2.apo
b_1.symb,0.202443823632968,b_1.symb
b_2.symb,-0.0068348684826114,b_2.symb
b_1.apo,0.205921356228425,b_1.apo
b_2.apo,-0.0246466219589919,b_2.apo
b_1.symb,0.213471417113967,b_1.symb
b_2.symb,-0.0096800614667212,b_2.symb
b_1.apo,0.192871155567598,b_1.apo
b_2.apo,-0.0266643218402528,b_2.apo
b_1.symb,0.205082386073391,b_1.symb
b_2.symb,-0.0070457124668966,b_2.symb
b_1.apo,0.143618499383517,b_1.apo
b_2.apo,-0.0233919014151707,b_2.apo
b_1.symb,0.136794590402749,b_1.symb
b_2.symb,-0.0097203699403574,b_2.symb
b_1.apo,0.18488116690664,b_1.apo
b_2.apo,-0.0227041228038404,b_2.apo
b_1.symb,0.144446687833862,b_1.symb
b_2.symb,-0.0124600296262805,b_2.symb
b_1.apo,0.169633903159519,b_1.apo
b_2.apo,-0.0265216413606724,b_2.apo
b_1.symb,0.14434813378773,b_1.symb
b_2.symb,-0.0098941876309552,b_2.symb
b_1.apo,0.180400242750524,b_1.apo
b_2.apo,-0.0260584477455835,b_2.apo
b_1.symb,0.134238364823157,b_1.symb
b_2.symb,-0.0127480919453495,b_2.symb
b_1.apo,0.166846077048724,b_1.apo
b_2.apo,-0.0256162298914628,b_2.apo
b_1.symb,0.133036919722734,b_1.symb
b_2.symb,-0.0079482908463733,b_2.symb
b_1.apo,0.195920185893874,b_1.apo
b_2.apo,-0.0248983972796961,b_2.apo
b_1.symb,0.213687621253569,b_1.symb
b_2.symb,-0.0073588829144947,b_2.symb
b_1.apo,0.196486163428055,b_1.apo
b_2.apo,-0.0237103691109285,b_2.apo
b_1.symb,0.134669340323357,b_1.symb
b_2.symb,-0.013066948033196,b_2.symb
b_1.apo,0.189126287819685,b_1.apo
b_2.apo,-0.0259249390277206,b_2.apo
b_1.symb,0.139868548883749,b_1.symb
b_2.symb,-0.0120922292677268,b_2.symb
b_1.apo,0.203138052561146,b_1.apo
b_2.apo,-0.0231792724686114,b_2.apo
b_1.symb,0.202850464324382,b_1.symb
b_2.symb,-0.0089155129518759,b_2.symb
b_1.apo,0.186642791842453,b_1.apo
b_2.apo,-0.0244025180681689,b_2.apo
b_1.symb,0.136509644116019,b_1.symb
b_2.symb,-0.0101893557438576,b_2.symb
b_1.apo,0.194219954345887,b_1.apo
b_2.apo,-0.0196006409401963,b_2.apo
b_1.symb,0.217618004742993,b_1.symb
b_2.symb,-0.0070071252355427,b_2.symb
b_1.apo,0.211445644065356,b_1.apo
b_2.apo,-0.0235781708830081,b_2.apo
b_1.symb,0.142839720891259,b_1.symb
b_2.symb,-0.0141090569488642,b_2.symb
b_1.apo,0.207903601844742,b_1.apo
b_2.apo,-0.0248742275664323,b_2.apo
b_1.symb,0.13892180827699,b_1.symb
b_2.symb,-0.0132125181547722,b_2.symb
b_1.apo,0.177241841008786,b_1.apo
b_2.apo,-0.0241422794841899,b_2.apo
b_1.symb,0.243164585054946,b_1.symb
b_2.symb,-0.0104117496672649,b_2.symb
